"id";"company_id";"name";"name";"group_id";"is_ifp";"player_os_version";"model_id";"created_at";"deleted_at"
"6420";"585";"BET";"Taiwan";"861";"1";"8.0.0";"61";"2019-08-12 02:35:49";NULL
"5971";"629";"HCS Interactief";"Netherlands";"945";"1";"6.0";"35";"2019-07-13 08:53:30";NULL
"5685";"1214";"Bekdata";"Turkey";"2265";"1";"5.1.1";"19";"2019-06-24 07:55:24";NULL
"6492";"1214";"Bekdata";"Turkey";"2265";"1";"5.1.1";"17";"2019-08-15 08:52:48";NULL
"7238";"1214";"Bekdata";"Turkey";"2265";"1";"5.1.1";"19";"2019-10-09 10:44:18";NULL
"5321";"1318";"Kankakee SD 111";"United States";"2465";"1";"5.1.1";"19";"2019-05-17 21:41:45";NULL
"5664";"1408";"新向系統";"Taiwan";"2643";"1";"5.1.1";"17";"2019-06-21 06:29:13";NULL
"6807";"1586";"EASC";"Hong Kong";"3026";"1";"6.0";"34";"2019-09-06 08:57:56";NULL
"6973";"1586";"EASC";"Hong Kong";"3026";"1";"8.0.0";"61";"2019-09-19 09:34:55";NULL
"6528";"1588";"BenQ India";"India";"3028";"1";"5.0.1";"31";"2019-08-20 05:49:08";NULL
"7046";"1588";"BenQ India";"India";"3028";"1";"6.0";"36";"2019-09-24 12:10:39";NULL
"7047";"1588";"BenQ India";"India";"3028";"1";"6.0";"35";"2019-09-24 12:16:54";NULL
"7195";"1588";"BenQ India";"India";"3028";"1";"6.0";"34";"2019-10-04 03:48:08";NULL
"5255";"1740";"Ipswich Girls' G";"Australia";"3091";"1";"5.1.1";"20";"2019-05-15 01:14:14";NULL
"6032";"1886";"Soluciones en li";"Mexico";"3224";"1";"6.0";"34";"2019-07-18 18:28:06";NULL
"4943";"1900";"Alloys";"Australia";"3255";"1";"6.0";"34";"2019-04-11 04:24:05";NULL
"6195";"1905";"PPHS";"United States";"3264";"1";"6.0";"35";"2019-07-31 14:14:56";NULL
"5064";"1953";"English College";"United Arab Emirates";"3352";"1";"5.1.1";"17";"2019-04-29 08:32:26";NULL
"5088";"1953";"English College";"United Arab Emirates";"3352";"1";"5.1.1";"17";"2019-05-02 05:17:46";NULL
"5089";"1953";"English College";"United Arab Emirates";"3352";"1";"5.1.1";"17";"2019-05-02 05:18:14";NULL
"5090";"1953";"English College";"United Arab Emirates";"3352";"1";NULL;NULL;"2019-05-02 05:18:49";NULL
"5091";"1953";"English College";"United Arab Emirates";"3352";"1";"5.1.1";"17";"2019-05-02 05:19:16";NULL
"5092";"1953";"English College";"United Arab Emirates";"3352";"1";"5.1.1";"17";"2019-05-02 05:19:46";NULL
"5093";"1953";"English College";"United Arab Emirates";"3352";"1";"5.1.1";"17";"2019-05-02 05:20:11";NULL
"5094";"1953";"English College";"United Arab Emirates";"3352";"1";"5.1.1";"19";"2019-05-02 05:20:32";NULL
"5095";"1953";"English College";"United Arab Emirates";"3352";"1";"5.1.1";"17";"2019-05-02 05:20:54";NULL
"5096";"1953";"English College";"United Arab Emirates";"3352";"1";"5.1.1";"17";"2019-05-02 05:21:42";NULL
"5097";"1953";"English College";"United Arab Emirates";"3352";"1";"5.1.1";"19";"2019-05-02 05:22:09";NULL
"5098";"1953";"English College";"United Arab Emirates";"3352";"1";"5.1.1";"17";"2019-05-02 05:22:37";NULL
"5099";"1953";"English College";"United Arab Emirates";"3352";"1";"5.1.1";"17";"2019-05-02 05:23:03";NULL
"5100";"1953";"English College";"United Arab Emirates";"3352";"1";NULL;NULL;"2019-05-02 05:23:26";NULL
"5101";"1953";"English College";"United Arab Emirates";"3352";"1";NULL;NULL;"2019-05-02 05:23:49";NULL
"5102";"1953";"English College";"United Arab Emirates";"3352";"1";NULL;NULL;"2019-05-02 05:25:07";NULL
"5103";"1953";"English College";"United Arab Emirates";"3352";"1";NULL;NULL;"2019-05-02 05:25:30";NULL
"5104";"1953";"English College";"United Arab Emirates";"3352";"1";"5.1.1";"17";"2019-05-02 05:25:49";NULL
"5105";"1953";"English College";"United Arab Emirates";"3352";"1";NULL;NULL;"2019-05-02 05:26:42";NULL
"5106";"1953";"English College";"United Arab Emirates";"3352";"1";"5.1.1";"17";"2019-05-02 05:27:53";NULL
"5107";"1953";"English College";"United Arab Emirates";"3352";"1";"5.1.1";"17";"2019-05-02 05:28:22";NULL
"5108";"1953";"English College";"United Arab Emirates";"3352";"1";NULL;NULL;"2019-05-02 05:28:49";NULL
"5109";"1953";"English College";"United Arab Emirates";"3352";"1";"5.1.1";"17";"2019-05-02 05:29:09";NULL
"5110";"1953";"English College";"United Arab Emirates";"3352";"1";"5.1.1";"17";"2019-05-02 05:29:33";NULL
"5111";"1953";"English College";"United Arab Emirates";"3352";"1";"5.1.1";"17";"2019-05-02 05:29:52";NULL
"5112";"1953";"English College";"United Arab Emirates";"3352";"1";NULL;NULL;"2019-05-02 05:30:19";NULL
"5113";"1953";"English College";"United Arab Emirates";"3352";"1";NULL;NULL;"2019-05-02 05:30:40";NULL
"5114";"1953";"English College";"United Arab Emirates";"3352";"1";NULL;NULL;"2019-05-02 05:30:58";NULL
"5115";"1953";"English College";"United Arab Emirates";"3352";"1";"5.1.1";"17";"2019-05-02 08:28:52";NULL
"5116";"1953";"English College";"United Arab Emirates";"3352";"1";"5.1.1";"17";"2019-05-02 08:33:41";NULL
"6007";"1965";"Robert College";"Turkey";"3371";"1";"5.1.1";"19";"2019-07-17 08:42:44";NULL
"6008";"1965";"Robert College";"Turkey";"3371";"1";"5.1.1";"19";"2019-07-17 09:06:12";NULL
"6646";"1965";"Robert College";"Turkey";"3371";"1";"5.1.1";"19";"2019-08-27 11:42:47";NULL
"6671";"1965";"Robert College";"Turkey";"3371";"1";"5.1.1";"19";"2019-08-29 06:45:11";NULL
"6672";"1965";"Robert College";"Turkey";"3371";"1";"5.1.1";"19";"2019-08-29 06:52:55";NULL
"6673";"1965";"Robert College";"Turkey";"3371";"1";"5.1.1";"19";"2019-08-29 07:01:28";NULL
"6674";"1965";"Robert College";"Turkey";"3371";"1";"5.1.1";"19";"2019-08-29 07:07:54";NULL
"6675";"1965";"Robert College";"Turkey";"3371";"1";"5.1.1";"19";"2019-08-29 07:14:21";NULL
"6676";"1965";"Robert College";"Turkey";"3371";"1";"5.1.1";"19";"2019-08-29 07:34:10";NULL
"6677";"1965";"Robert College";"Turkey";"3371";"1";"5.1.1";"19";"2019-08-29 08:09:54";NULL
"6678";"1965";"Robert College";"Turkey";"3371";"1";"5.1.1";"19";"2019-08-29 08:14:23";NULL
"6680";"1965";"Robert College";"Turkey";"3371";"1";"5.1.1";"19";"2019-08-29 08:20:11";NULL
"6720";"1965";"Robert College";"Turkey";"3371";"1";"5.1.1";"19";"2019-09-03 08:03:02";NULL
"6721";"1965";"Robert College";"Turkey";"3371";"1";"5.1.1";"19";"2019-09-03 08:08:24";NULL
"6722";"1965";"Robert College";"Turkey";"3371";"1";"5.1.1";"19";"2019-09-03 08:11:50";NULL
"6723";"1965";"Robert College";"Turkey";"3371";"1";"5.1.1";"19";"2019-09-03 08:15:33";NULL
"6724";"1965";"Robert College";"Turkey";"3371";"1";"5.1.1";"19";"2019-09-03 08:22:56";NULL
"6725";"1965";"Robert College";"Turkey";"3371";"1";"5.1.1";"19";"2019-09-03 08:26:59";NULL
"6727";"1965";"Robert College";"Turkey";"3371";"1";"5.1.1";"19";"2019-09-03 08:30:53";NULL
"6728";"1965";"Robert College";"Turkey";"3371";"1";"5.1.1";"19";"2019-09-03 08:34:11";NULL
"6730";"1965";"Robert College";"Turkey";"3371";"1";"5.1.1";"19";"2019-09-03 08:41:54";NULL
"6731";"1965";"Robert College";"Turkey";"3371";"1";"5.1.1";"19";"2019-09-03 08:45:50";NULL
"6733";"1965";"Robert College";"Turkey";"3371";"1";"5.1.1";"19";"2019-09-03 08:50:27";NULL
"6735";"1965";"Robert College";"Turkey";"3371";"1";"5.1.1";"19";"2019-09-03 08:52:53";NULL
"6737";"1965";"Robert College";"Turkey";"3371";"1";"5.1.1";"19";"2019-09-03 08:57:16";NULL
"6738";"1965";"Robert College";"Turkey";"3371";"1";"5.1.1";"19";"2019-09-03 09:02:42";NULL
"6739";"1965";"Robert College";"Turkey";"3371";"1";"5.1.1";"19";"2019-09-03 09:06:46";NULL
"6743";"1965";"Robert College";"Turkey";"3371";"1";"5.1.1";"19";"2019-09-03 09:24:50";NULL
"6746";"1965";"Robert College";"Turkey";"3371";"1";"5.1.1";"19";"2019-09-03 11:32:08";NULL
"6747";"1965";"Robert College";"Turkey";"3371";"1";"5.1.1";"19";"2019-09-03 11:35:09";NULL
"6748";"1965";"Robert College";"Turkey";"3371";"1";"5.1.1";"19";"2019-09-03 11:41:03";NULL
"6772";"1965";"Robert College";"Turkey";"3371";"1";"5.1.1";"19";"2019-09-04 06:00:20";NULL
"6773";"1965";"Robert College";"Turkey";"3371";"1";"5.1.1";"19";"2019-09-04 06:10:03";NULL
"6774";"1965";"Robert College";"Turkey";"3371";"1";"5.1.1";"19";"2019-09-04 06:15:33";NULL
"6775";"1965";"Robert College";"Turkey";"3371";"1";"5.1.1";"19";"2019-09-04 06:31:51";NULL
"6776";"1965";"Robert College";"Turkey";"3371";"1";"5.1.1";"19";"2019-09-04 06:49:26";NULL
"6989";"1965";"Robert College";"Turkey";"3371";"1";"5.1.1";"19";"2019-09-20 06:11:32";NULL
"6991";"1965";"Robert College";"Turkey";"3371";"1";"5.1.1";"19";"2019-09-20 06:20:57";NULL
"6992";"1965";"Robert College";"Turkey";"3371";"1";"5.1.1";"19";"2019-09-20 07:08:50";NULL
"6993";"1965";"Robert College";"Turkey";"3371";"1";"5.1.1";"19";"2019-09-20 07:11:22";NULL
"6995";"1965";"Robert College";"Turkey";"3371";"1";"5.1.1";"19";"2019-09-20 07:19:47";NULL
"6996";"1965";"Robert College";"Turkey";"3371";"1";"5.1.1";"19";"2019-09-20 07:22:20";NULL
"6998";"1965";"Robert College";"Turkey";"3371";"1";"5.1.1";"19";"2019-09-20 07:31:38";NULL
"6999";"1965";"Robert College";"Turkey";"3371";"1";"5.1.1";"19";"2019-09-20 07:37:11";NULL
"7001";"1965";"Robert College";"Turkey";"3371";"1";"5.1.1";"19";"2019-09-20 07:41:46";NULL
"7003";"1965";"Robert College";"Turkey";"3371";"1";"5.1.1";"19";"2019-09-20 08:04:11";NULL
"7005";"1965";"Robert College";"Turkey";"3371";"1";"5.1.1";"19";"2019-09-20 08:10:17";NULL
"7007";"1965";"Robert College";"Turkey";"3371";"1";"5.1.1";"19";"2019-09-20 08:46:11";NULL
"7008";"1965";"Robert College";"Turkey";"3371";"1";"5.1.1";"19";"2019-09-20 08:48:38";NULL
"7009";"1965";"Robert College";"Turkey";"3371";"1";"5.1.1";"19";"2019-09-20 09:01:40";NULL
"7010";"1965";"Robert College";"Turkey";"3371";"1";"5.1.1";"19";"2019-09-20 12:37:32";NULL
"7011";"1965";"Robert College";"Turkey";"3371";"1";"5.1.1";"19";"2019-09-20 12:50:12";NULL
"7012";"1965";"Robert College";"Turkey";"3371";"1";"5.1.1";"19";"2019-09-20 12:57:14";NULL
"7013";"1965";"Robert College";"Turkey";"3371";"1";"5.1.1";"19";"2019-09-20 13:01:18";NULL
"6875";"1967";"The Aquila Schoo";"United Arab Emirates";"3376";"1";"5.1.1";"19";"2019-09-11 08:16:04";NULL
"4226";"2042";"Camcor";"United States";"3497";"1";"6.0";"34";"2019-01-22 03:31:16";NULL
"4701";"2042";"Camcor";"United States";"3497";"1";"5.1.1";"17";"2019-03-11 13:17:51";NULL
"3591";"2080";"X-Sign_1002 Co.";"Taiwan";"3555";"1";"5.0.1";"33";"2018-10-30 01:44:13";NULL
"3592";"2080";"X-Sign_1002 Co.";"Taiwan";"3555";"1";"5.0.1";"31";"2018-10-30 01:52:31";NULL
"3986";"2080";"X-Sign_1002 Co.";"Taiwan";"3555";"1";"5.1.1";"18";"2018-12-19 01:55:06";NULL
"4852";"2080";"X-Sign_1002 Co.";"Taiwan";"3555";"1";"6.0";"34";"2019-03-29 10:20:30";NULL
"4864";"2080";"X-Sign_1002 Co.";"Taiwan";"3555";"1";"6.0";"34";"2019-04-01 01:43:36";NULL
"4870";"2080";"X-Sign_1002 Co.";"Taiwan";"3555";"1";"6.0";"34";"2019-04-01 02:53:25";NULL
"6417";"2080";"X-Sign_1002 Co.";"Taiwan";"3555";"1";"8.0.0";"61";"2019-08-12 01:58:03";NULL
"6421";"2080";"X-Sign_1002 Co.";"Taiwan";"3555";"1";"6.0";"35";"2019-08-12 02:57:59";NULL
"6566";"2080";"X-Sign_1002 Co.";"Taiwan";"3555";"1";"6.0";"73";"2019-08-21 06:33:20";NULL
"6569";"2080";"X-Sign_1002 Co.";"Taiwan";"3555";"1";"6.0";"73";"2019-08-21 07:27:49";NULL
"6592";"2080";"X-Sign_1002 Co.";"Taiwan";"3555";"1";"6.0";"73";"2019-08-22 08:25:35";NULL
"6612";"2080";"X-Sign_1002 Co.";"Taiwan";"3555";"1";"6.0";"73";"2019-08-23 07:46:17";NULL
"6855";"2080";"X-Sign_1002 Co.";"Taiwan";"3555";"1";"6.0";"35";"2019-09-11 05:28:00";NULL
"6936";"2149";"BenQ";"Taiwan";"3661";"1";"8.0.0";"90";"2019-09-17 13:10:50";NULL
"6937";"2149";"BenQ";"Taiwan";"3661";"1";"8.0.0";"90";"2019-09-17 13:21:43";NULL
"4348";"2174";"Dunecrest";"United Arab Emirates";"3692";"1";"5.1.1";"19";"2019-02-03 12:01:46";NULL
"4440";"2174";"Dunecrest";"United Arab Emirates";"3692";"1";"5.1.1";"19";"2019-02-17 07:17:46";NULL
"4442";"2174";"Dunecrest";"United Arab Emirates";"3692";"1";"5.1.1";"19";"2019-02-17 08:24:13";NULL
"4674";"2174";"Dunecrest";"United Arab Emirates";"3692";"1";"5.1.1";"19";"2019-03-10 11:14:51";NULL
"4675";"2174";"Dunecrest";"United Arab Emirates";"3692";"1";"5.1.1";"19";"2019-03-10 11:16:00";NULL
"4676";"2174";"Dunecrest";"United Arab Emirates";"3692";"1";"5.1.1";"19";"2019-03-10 11:20:54";NULL
"4677";"2174";"Dunecrest";"United Arab Emirates";"3692";"1";"5.1.1";"19";"2019-03-10 11:22:39";NULL
"4679";"2174";"Dunecrest";"United Arab Emirates";"3692";"1";"5.1.1";"19";"2019-03-10 11:26:03";NULL
"4681";"2174";"Dunecrest";"United Arab Emirates";"3692";"1";"5.1.1";"17";"2019-03-10 11:30:56";NULL
"4682";"2174";"Dunecrest";"United Arab Emirates";"3692";"1";"5.1.1";"19";"2019-03-10 11:32:38";NULL
"4683";"2174";"Dunecrest";"United Arab Emirates";"3692";"1";"5.1.1";"19";"2019-03-10 11:34:46";NULL
"4684";"2174";"Dunecrest";"United Arab Emirates";"3692";"1";"5.1.1";"19";"2019-03-10 11:36:38";NULL
"4685";"2174";"Dunecrest";"United Arab Emirates";"3692";"1";"5.1.1";"19";"2019-03-10 11:40:59";NULL
"4686";"2174";"Dunecrest";"United Arab Emirates";"3692";"1";"5.1.1";"19";"2019-03-10 11:42:47";NULL
"4687";"2174";"Dunecrest";"United Arab Emirates";"3692";"1";"5.1.1";"19";"2019-03-10 11:44:17";NULL
"4691";"2174";"Dunecrest";"United Arab Emirates";"3692";"1";"5.1.1";"19";"2019-03-10 11:56:49";NULL
"4693";"2174";"Dunecrest";"United Arab Emirates";"3692";"1";"5.1.1";"19";"2019-03-10 12:02:19";NULL
"4694";"2174";"Dunecrest";"United Arab Emirates";"3692";"1";"5.1.1";"17";"2019-03-10 12:13:40";NULL
"4695";"2174";"Dunecrest";"United Arab Emirates";"3692";"1";"5.1.1";"19";"2019-03-10 12:16:01";NULL
"4696";"2174";"Dunecrest";"United Arab Emirates";"3692";"1";"5.1.1";"19";"2019-03-10 12:17:21";NULL
"5141";"2174";"Dunecrest";"United Arab Emirates";"3692";"1";"5.1.1";"19";"2019-05-05 10:48:31";NULL
"5142";"2174";"Dunecrest";"United Arab Emirates";"3692";"1";"5.1.1";"19";"2019-05-05 11:32:25";NULL
"5143";"2174";"Dunecrest";"United Arab Emirates";"3692";"1";"5.1.1";"19";"2019-05-05 11:39:30";NULL
"5144";"2174";"Dunecrest";"United Arab Emirates";"3692";"1";"5.1.1";"19";"2019-05-05 12:00:59";NULL
"5145";"2174";"Dunecrest";"United Arab Emirates";"3692";"1";"5.1.1";"19";"2019-05-05 12:02:28";NULL
"5148";"2174";"Dunecrest";"United Arab Emirates";"3692";"1";"5.1.1";"19";"2019-05-05 12:08:45";NULL
"5153";"2174";"Dunecrest";"United Arab Emirates";"3692";"1";"5.1.1";"19";"2019-05-06 02:53:44";NULL
"5154";"2174";"Dunecrest";"United Arab Emirates";"3692";"1";"5.1.1";"19";"2019-05-06 03:33:22";NULL
"5279";"2174";"Dunecrest";"United Arab Emirates";"3692";"1";"5.1.1";"19";"2019-05-16 06:16:12";NULL
"5286";"2174";"Dunecrest";"United Arab Emirates";"3692";"1";"5.1.1";"19";"2019-05-16 08:50:05";NULL
"5294";"2174";"Dunecrest";"United Arab Emirates";"3692";"1";"5.1.1";"19";"2019-05-16 09:50:14";NULL
"5295";"2174";"Dunecrest";"United Arab Emirates";"3692";"1";"5.1.1";"19";"2019-05-16 09:51:25";NULL
"5296";"2174";"Dunecrest";"United Arab Emirates";"3692";"1";"5.1.1";"19";"2019-05-16 09:54:07";NULL
"5297";"2174";"Dunecrest";"United Arab Emirates";"3692";"1";"5.1.1";"19";"2019-05-16 09:54:35";NULL
"5382";"2174";"Dunecrest";"United Arab Emirates";"3692";"1";"5.1.1";"19";"2019-05-27 03:57:08";NULL
"4549";"2320";"Creanet I.S. AG";"Switzerland";"3916";"1";"6.0";"35";"2019-02-28 17:10:08";NULL
"5378";"2355";"EDICO";"Hong Kong";"3977";"1";"5.1.1";"19";"2019-05-25 02:35:13";NULL
"5530";"2366";"BG Innovations";"United States";"4016";"1";"6.0";"34";"2019-06-11 18:05:39";NULL
"5189";"2367";"Tserlin Pty Ltd";"Australia";"4017";"1";"6.0";"34";"2019-05-08 03:56:43";NULL
"4016";"2400";"台中市溪南國中";"Taiwan";"4075";"1";"5.0.1";"37";"2018-12-25 01:26:45";NULL
"4018";"2400";"台中市溪南國中";"Taiwan";"4075";"1";"5.0.1";"37";"2018-12-25 01:38:44";NULL
"4019";"2400";"台中市溪南國中";"Taiwan";"4075";"1";"5.0.1";"37";"2018-12-25 01:39:10";NULL
"4024";"2400";"台中市溪南國中";"Taiwan";"4075";"1";"5.0.1";"37";"2018-12-25 07:13:57";NULL
"6985";"2400";"台中市溪南國中";"Taiwan";"4075";"1";NULL;NULL;"2019-09-20 01:58:42";NULL
"6986";"2400";"台中市溪南國中";"Taiwan";"4075";"1";NULL;NULL;"2019-09-20 01:59:10";NULL
"6987";"2400";"台中市溪南國中";"Taiwan";"4075";"1";NULL;NULL;"2019-09-20 01:59:34";NULL
"6988";"2400";"台中市溪南國中";"Taiwan";"4075";"1";"5.1.1";"19";"2019-09-20 01:59:56";NULL
"4483";"2489";"NJSD";"United States";"4226";"1";"5.1.1";"18";"2019-02-22 17:51:36";NULL
"4501";"2489";"NJSD";"United States";"4226";"1";"5.1.1";"18";"2019-02-25 17:36:15";NULL
"4410";"2544";"Schoolhouse";"United States";"4343";"1";"6.0";"35";"2019-02-12 19:46:06";NULL
"4921";"2555";"CSCG";"CANADA";"4360";"1";"6.0";"35";"2019-04-08 19:57:41";NULL
"4422";"2556";"Computer Allianc";"Australia";"4361";"1";"6.0";"34";"2019-02-14 05:47:27";NULL
"7127";"2559";"BenQ AustriaGmbH";"Austria";"4364";"1";"6.0";"34";"2019-09-30 10:29:51";NULL
"4461";"2587";"Alloys";"Australia";"4419";"1";"6.0";"34";"2019-02-19 23:49:47";NULL
"4474";"2591";"臺北市仁愛國中";"Taiwan";"4430";"1";"5.1.1";"20";"2019-02-22 06:54:05";NULL
"4555";"2591";"臺北市仁愛國中";"Taiwan";"4430";"1";"5.1.1";"20";"2019-03-02 02:59:08";NULL
"4556";"2591";"臺北市仁愛國中";"Taiwan";"4430";"1";"5.1.1";"20";"2019-03-02 03:07:04";NULL
"4557";"2591";"臺北市仁愛國中";"Taiwan";"4430";"1";"5.1.1";"20";"2019-03-02 03:17:08";NULL
"4558";"2591";"臺北市仁愛國中";"Taiwan";"4430";"1";"5.1.1";"20";"2019-03-02 03:23:14";NULL
"4559";"2591";"臺北市仁愛國中";"Taiwan";"4430";"1";"5.1.1";"20";"2019-03-02 03:29:59";NULL
"4560";"2591";"臺北市仁愛國中";"Taiwan";"4430";"1";"5.1.1";"20";"2019-03-02 03:41:17";NULL
"4561";"2591";"臺北市仁愛國中";"Taiwan";"4430";"1";"5.1.1";"20";"2019-03-02 03:44:08";NULL
"4562";"2591";"臺北市仁愛國中";"Taiwan";"4430";"1";"5.1.1";"20";"2019-03-02 04:02:04";NULL
"4563";"2591";"臺北市仁愛國中";"Taiwan";"4430";"1";"5.1.1";"20";"2019-03-02 04:39:21";NULL
"4564";"2591";"臺北市仁愛國中";"Taiwan";"4430";"1";"5.1.1";"20";"2019-03-02 04:51:49";NULL
"4565";"2591";"臺北市仁愛國中";"Taiwan";"4430";"1";"5.1.1";"20";"2019-03-02 05:00:00";NULL
"4566";"2591";"臺北市仁愛國中";"Taiwan";"4430";"1";"5.1.1";"20";"2019-03-02 05:12:42";NULL
"4567";"2591";"臺北市仁愛國中";"Taiwan";"4430";"1";"5.1.1";"20";"2019-03-02 06:26:01";NULL
"4568";"2591";"臺北市仁愛國中";"Taiwan";"4430";"1";"5.1.1";"20";"2019-03-02 06:36:31";NULL
"4569";"2591";"臺北市仁愛國中";"Taiwan";"4430";"1";"5.1.1";"20";"2019-03-02 06:43:52";NULL
"4570";"2591";"臺北市仁愛國中";"Taiwan";"4430";"1";"5.1.1";"20";"2019-03-02 06:53:31";NULL
"4571";"2591";"臺北市仁愛國中";"Taiwan";"4430";"1";"5.1.1";"20";"2019-03-02 07:02:14";NULL
"4572";"2591";"臺北市仁愛國中";"Taiwan";"4430";"1";"5.1.1";"20";"2019-03-02 07:10:16";NULL
"4573";"2591";"臺北市仁愛國中";"Taiwan";"4430";"1";"5.1.1";"20";"2019-03-02 07:21:31";NULL
"4574";"2591";"臺北市仁愛國中";"Taiwan";"4430";"1";"5.1.1";"20";"2019-03-02 07:33:30";NULL
"4575";"2591";"臺北市仁愛國中";"Taiwan";"4430";"1";"5.1.1";"20";"2019-03-02 07:46:32";NULL
"4576";"2591";"臺北市仁愛國中";"Taiwan";"4430";"1";"5.1.1";"20";"2019-03-02 07:57:18";NULL
"4577";"2591";"臺北市仁愛國中";"Taiwan";"4430";"1";"5.1.1";"20";"2019-03-02 08:05:39";NULL
"4578";"2591";"臺北市仁愛國中";"Taiwan";"4430";"1";"5.1.1";"20";"2019-03-02 08:13:30";NULL
"4579";"2591";"臺北市仁愛國中";"Taiwan";"4430";"1";"5.1.1";"20";"2019-03-02 08:23:02";NULL
"4580";"2591";"臺北市仁愛國中";"Taiwan";"4430";"1";"5.1.1";"20";"2019-03-02 08:47:34";NULL
"4581";"2591";"臺北市仁愛國中";"Taiwan";"4430";"1";"5.1.1";"20";"2019-03-02 08:55:20";NULL
"4582";"2591";"臺北市仁愛國中";"Taiwan";"4430";"1";"5.1.1";"20";"2019-03-02 09:04:04";NULL
"4583";"2591";"臺北市仁愛國中";"Taiwan";"4430";"1";"5.1.1";"20";"2019-03-02 09:17:44";NULL
"4584";"2591";"臺北市仁愛國中";"Taiwan";"4430";"1";"5.1.1";"20";"2019-03-02 09:26:12";NULL
"4585";"2591";"臺北市仁愛國中";"Taiwan";"4430";"1";"5.1.1";"20";"2019-03-02 09:36:42";NULL
"4586";"2591";"臺北市仁愛國中";"Taiwan";"4430";"1";"5.1.1";"20";"2019-03-02 10:43:32";NULL
"4587";"2591";"臺北市仁愛國中";"Taiwan";"4430";"1";"5.1.1";"20";"2019-03-02 10:53:36";NULL
"4588";"2591";"臺北市仁愛國中";"Taiwan";"4430";"1";"5.1.1";"20";"2019-03-02 11:02:49";NULL
"4589";"2591";"臺北市仁愛國中";"Taiwan";"4430";"1";"5.1.1";"20";"2019-03-02 11:13:22";NULL
"4590";"2591";"臺北市仁愛國中";"Taiwan";"4430";"1";"5.1.1";"20";"2019-03-02 11:27:43";NULL
"4591";"2591";"臺北市仁愛國中";"Taiwan";"4430";"1";"5.1.1";"20";"2019-03-02 11:41:12";NULL
"4592";"2591";"臺北市仁愛國中";"Taiwan";"4430";"1";"5.1.1";"20";"2019-03-02 11:50:26";NULL
"4594";"2591";"臺北市仁愛國中";"Taiwan";"4430";"1";"5.1.1";"20";"2019-03-03 06:28:03";NULL
"4595";"2591";"臺北市仁愛國中";"Taiwan";"4430";"1";"5.1.1";"20";"2019-03-03 06:40:54";NULL
"4596";"2591";"臺北市仁愛國中";"Taiwan";"4430";"1";"5.1.1";"20";"2019-03-03 06:50:53";NULL
"4597";"2591";"臺北市仁愛國中";"Taiwan";"4430";"1";"5.1.1";"20";"2019-03-03 07:01:06";NULL
"4598";"2591";"臺北市仁愛國中";"Taiwan";"4430";"1";"5.1.1";"20";"2019-03-03 07:11:01";NULL
"4599";"2591";"臺北市仁愛國中";"Taiwan";"4430";"1";"5.1.1";"20";"2019-03-03 07:20:17";NULL
"4600";"2591";"臺北市仁愛國中";"Taiwan";"4430";"1";"5.1.1";"20";"2019-03-03 07:31:16";NULL
"4601";"2591";"臺北市仁愛國中";"Taiwan";"4430";"1";"5.1.1";"20";"2019-03-03 07:51:28";NULL
"4602";"2591";"臺北市仁愛國中";"Taiwan";"4430";"1";"5.1.1";"20";"2019-03-03 08:03:50";NULL
"4603";"2591";"臺北市仁愛國中";"Taiwan";"4430";"1";"5.1.1";"20";"2019-03-03 08:21:15";NULL
"4604";"2591";"臺北市仁愛國中";"Taiwan";"4430";"1";"5.1.1";"20";"2019-03-03 08:32:55";NULL
"4605";"2591";"臺北市仁愛國中";"Taiwan";"4430";"1";"5.1.1";"20";"2019-03-03 08:42:57";NULL
"4606";"2591";"臺北市仁愛國中";"Taiwan";"4430";"1";"5.1.1";"20";"2019-03-03 09:02:12";NULL
"4607";"2591";"臺北市仁愛國中";"Taiwan";"4430";"1";"5.1.1";"20";"2019-03-03 09:15:25";NULL
"4608";"2591";"臺北市仁愛國中";"Taiwan";"4430";"1";"5.1.1";"20";"2019-03-03 09:23:46";NULL
"4609";"2591";"臺北市仁愛國中";"Taiwan";"4430";"1";"5.1.1";"20";"2019-03-03 09:36:58";NULL
"4610";"2591";"臺北市仁愛國中";"Taiwan";"4430";"1";"5.1.1";"20";"2019-03-03 09:52:43";NULL
"4611";"2591";"臺北市仁愛國中";"Taiwan";"4430";"1";"5.1.1";"20";"2019-03-03 10:05:06";NULL
"4612";"2591";"臺北市仁愛國中";"Taiwan";"4430";"1";"5.1.1";"20";"2019-03-03 10:18:43";NULL
"4616";"2591";"臺北市仁愛國中";"Taiwan";"4430";"1";"5.1.1";"20";"2019-03-04 10:54:53";NULL
"4617";"2591";"臺北市仁愛國中";"Taiwan";"4430";"1";"5.1.1";"20";"2019-03-04 12:40:32";NULL
"4618";"2591";"臺北市仁愛國中";"Taiwan";"4430";"1";"5.1.1";"20";"2019-03-04 12:51:56";NULL
"4625";"2591";"臺北市仁愛國中";"Taiwan";"4430";"1";"5.1.1";"20";"2019-03-04 23:30:59";NULL
"5221";"2591";"臺北市仁愛國中";"Taiwan";"4430";"1";"5.1.1";"20";"2019-05-09 00:36:54";NULL
"7184";"2591";"臺北市仁愛國中";"Taiwan";"4430";"1";"6.0";"34";"2019-10-03 08:26:46";NULL
"7185";"2591";"臺北市仁愛國中";"Taiwan";"4430";"1";"6.0";"34";"2019-10-03 08:31:18";NULL
"7186";"2591";"臺北市仁愛國中";"Taiwan";"4430";"1";"6.0";"34";"2019-10-03 08:40:41";NULL
"4471";"2595";"Data Image";"United States";"4436";"1";"5.0.1";"31";"2019-02-21 18:14:08";NULL
"4788";"2595";"Data Image";"United States";"4436";"1";"6.0";"35";"2019-03-21 13:39:22";NULL
"6120";"2595";"Data Image";"United States";"4436";"1";"6.0";"35";"2019-07-24 18:01:20";NULL
"5912";"2600";"臺中市立大道國中";"Taiwan";"4441";"1";"5.0.1";"37";"2019-07-10 03:27:44";NULL
"5915";"2600";"臺中市立大道國中";"Taiwan";"4441";"1";"5.0.1";"37";"2019-07-10 06:38:20";NULL
"5916";"2600";"臺中市立大道國中";"Taiwan";"4441";"1";"5.0.1";"37";"2019-07-10 08:38:11";NULL
"5935";"2600";"臺中市立大道國中";"Taiwan";"4441";"1";"5.0.1";"37";"2019-07-11 00:52:35";NULL
"5936";"2600";"臺中市立大道國中";"Taiwan";"4441";"1";"5.0.1";"37";"2019-07-11 00:54:53";NULL
"5937";"2600";"臺中市立大道國中";"Taiwan";"4441";"1";"5.0.1";"37";"2019-07-11 01:24:28";NULL
"5938";"2600";"臺中市立大道國中";"Taiwan";"4441";"1";"5.0.1";"37";"2019-07-11 02:03:15";NULL
"5939";"2600";"臺中市立大道國中";"Taiwan";"4441";"1";"5.0.1";"37";"2019-07-11 02:16:13";NULL
"5940";"2600";"臺中市立大道國中";"Taiwan";"4441";"1";"5.0.1";"37";"2019-07-11 02:43:27";NULL
"5941";"2600";"臺中市立大道國中";"Taiwan";"4441";"1";"5.0.1";"37";"2019-07-11 02:47:55";NULL
"5942";"2600";"臺中市立大道國中";"Taiwan";"4441";"1";"5.0.1";"37";"2019-07-11 03:09:57";NULL
"5943";"2600";"臺中市立大道國中";"Taiwan";"4441";"1";"5.0.1";"37";"2019-07-11 03:22:20";NULL
"4522";"2623";"台北市立實踐國中";"Taiwan";"4489";"1";"5.1.1";"20";"2019-02-27 06:25:00";NULL
"4629";"2623";"台北市立實踐國中";"Taiwan";"4489";"1";"5.1.1";"20";"2019-03-05 03:58:32";NULL
"4750";"2623";"台北市立實踐國中";"Taiwan";"4489";"1";"5.1.1";"20";"2019-03-20 01:28:26";NULL
"5444";"2623";"台北市立實踐國中";"Taiwan";"4489";"1";"5.1.1";"20";"2019-06-03 06:24:23";NULL
"5445";"2623";"台北市立實踐國中";"Taiwan";"4489";"1";"5.1.1";"20";"2019-06-03 06:30:03";NULL
"5447";"2623";"台北市立實踐國中";"Taiwan";"4489";"1";"5.1.1";"20";"2019-06-03 06:46:03";NULL
"5448";"2623";"台北市立實踐國中";"Taiwan";"4489";"1";"5.1.1";"20";"2019-06-03 06:50:18";NULL
"5450";"2623";"台北市立實踐國中";"Taiwan";"4489";"1";"5.1.1";"20";"2019-06-03 06:56:54";NULL
"5451";"2623";"台北市立實踐國中";"Taiwan";"4489";"1";"5.1.1";"20";"2019-06-03 07:01:43";NULL
"5452";"2623";"台北市立實踐國中";"Taiwan";"4489";"1";"5.1.1";"20";"2019-06-03 07:04:12";NULL
"5453";"2623";"台北市立實踐國中";"Taiwan";"4489";"1";"5.1.1";"20";"2019-06-03 07:07:13";NULL
"6287";"2623";"台北市立實踐國中";"Taiwan";"4489";"1";"5.1.1";"20";"2019-08-06 01:23:19";NULL
"6290";"2623";"台北市立實踐國中";"Taiwan";"4489";"1";"5.1.1";"20";"2019-08-06 07:42:09";NULL
"6614";"2623";"台北市立實踐國中";"Taiwan";"4489";"1";"5.1.1";"20";"2019-08-23 07:51:41";NULL
"6615";"2623";"台北市立實踐國中";"Taiwan";"4489";"1";"5.1.1";"20";"2019-08-23 07:57:37";NULL
"6616";"2623";"台北市立實踐國中";"Taiwan";"4489";"1";"5.1.1";"20";"2019-08-23 08:00:26";NULL
"6806";"2623";"台北市立實踐國中";"Taiwan";"4489";"1";"5.1.1";"20";"2019-09-06 08:33:06";NULL
"6852";"2623";"台北市立實踐國中";"Taiwan";"4489";"1";"5.1.1";"20";"2019-09-11 05:15:55";NULL
"6853";"2623";"台北市立實踐國中";"Taiwan";"4489";"1";"5.1.1";"20";"2019-09-11 05:22:27";NULL
"6857";"2623";"台北市立實踐國中";"Taiwan";"4489";"1";"5.1.1";"20";"2019-09-11 05:33:47";NULL
"6858";"2623";"台北市立實踐國中";"Taiwan";"4489";"1";"5.1.1";"20";"2019-09-11 06:14:18";NULL
"6859";"2623";"台北市立實踐國中";"Taiwan";"4489";"1";"5.1.1";"20";"2019-09-11 06:17:29";NULL
"6861";"2623";"台北市立實踐國中";"Taiwan";"4489";"1";"5.1.1";"20";"2019-09-11 06:21:00";NULL
"6865";"2623";"台北市立實踐國中";"Taiwan";"4489";"1";"5.1.1";"20";"2019-09-11 06:22:47";NULL
"6866";"2623";"台北市立實踐國中";"Taiwan";"4489";"1";"5.1.1";"20";"2019-09-11 06:24:50";NULL
"6868";"2623";"台北市立實踐國中";"Taiwan";"4489";"1";"5.1.1";"20";"2019-09-11 06:29:12";NULL
"6869";"2623";"台北市立實踐國中";"Taiwan";"4489";"1";"5.1.1";"20";"2019-09-11 06:33:02";NULL
"6870";"2623";"台北市立實踐國中";"Taiwan";"4489";"1";"5.1.1";"20";"2019-09-11 07:13:19";NULL
"6871";"2623";"台北市立實踐國中";"Taiwan";"4489";"1";"5.1.1";"20";"2019-09-11 07:16:38";NULL
"6873";"2623";"台北市立實踐國中";"Taiwan";"4489";"1";"5.1.1";"20";"2019-09-11 07:21:57";NULL
"4544";"2646";"TGI";"Hong Kong";"4519";"1";"6.0";"34";"2019-02-28 07:18:10";NULL
"6437";"2701";"AV Media Systems";"Australia";"4605";"1";"6.0";"34";"2019-08-13 04:25:43";NULL
"5396";"2770";"iClass Canada";"CANADA";"4715";"1";"6.0";"34";"2019-05-27 18:59:30";NULL
"5743";"2776";"Synnex NZ";"New Zealand";"4725";"1";"6.0";"34";"2019-06-26 02:15:22";NULL
"5415";"2795";"Alloys";"Australia";"4754";"1";"6.0";"34";"2019-05-29 05:40:35";NULL
"5426";"2795";"Alloys";"Australia";"4754";"1";"6.0";"34";"2019-05-30 03:56:27";NULL
"6039";"2807";"CAC";"Australia";"4770";"1";"5.1.1";"19";"2019-07-19 03:02:33";NULL
"6173";"2807";"CAC";"Australia";"4770";"1";"5.1.1";"20";"2019-07-30 03:32:04";NULL
"6174";"2807";"CAC";"Australia";"4770";"1";"5.1.1";"20";"2019-07-30 03:33:04";NULL
"6310";"2807";"CAC";"Australia";"4770";"1";"6.0";"35";"2019-08-06 22:58:36";NULL
"6560";"2807";"CAC";"Australia";"4770";"1";"6.0";"35";"2019-08-21 04:40:57";NULL
"6561";"2807";"CAC";"Australia";"4770";"1";"6.0";"35";"2019-08-21 04:49:26";NULL
"6562";"2807";"CAC";"Australia";"4770";"1";"6.0";"35";"2019-08-21 04:51:08";NULL
"6563";"2807";"CAC";"Australia";"4770";"1";"6.0";"35";"2019-08-21 04:54:24";NULL
"6564";"2807";"CAC";"Australia";"4770";"1";"6.0";"35";"2019-08-21 05:05:36";NULL
"6900";"2824";"BenQ";"Poland";"4803";"1";"6.0";"34";"2019-09-13 09:20:11";NULL
"7481";"2824";"BenQ";"Poland";"4803";"1";"6.0";"36";"2019-10-17 10:52:05";NULL
"5179";"2826";"123";"Taiwan";"4813";"1";"8.0.0";"20";"2019-05-07 03:12:52";NULL
"5043";"2844";"Oregon City Scho";"United States";"4845";"1";"6.0";"35";"2019-04-25 23:04:44";NULL
"5074";"2852";"IJN";"Malaysia";"4861";"1";"5.1.1";"18";"2019-04-30 07:27:06";NULL
"5085";"2860";"School District";"United States";"4870";"1";"6.0";"34";"2019-05-01 18:51:45";NULL
"5218";"2886";"Oshkosh Schools";"United States";"4927";"1";"6.0";"35";"2019-05-08 20:52:14";NULL
"5268";"2886";"Oshkosh Schools";"United States";"4927";"1";"6.0";"35";"2019-05-15 20:36:27";NULL
"5557";"2886";"Oshkosh Schools";"United States";"4927";"1";"6.0";"35";"2019-06-14 12:01:20";NULL
"5559";"2886";"Oshkosh Schools";"United States";"4927";"1";"6.0";"35";"2019-06-14 12:47:22";NULL
"5560";"2886";"Oshkosh Schools";"United States";"4927";"1";"6.0";"35";"2019-06-14 13:28:11";NULL
"5562";"2886";"Oshkosh Schools";"United States";"4927";"1";"6.0";"35";"2019-06-14 14:50:36";NULL
"5563";"2886";"Oshkosh Schools";"United States";"4927";"1";"6.0";"35";"2019-06-14 15:00:45";NULL
"5564";"2886";"Oshkosh Schools";"United States";"4927";"1";"6.0";"35";"2019-06-14 15:12:43";NULL
"5565";"2886";"Oshkosh Schools";"United States";"4927";"1";"6.0";"35";"2019-06-14 15:31:20";NULL
"5566";"2886";"Oshkosh Schools";"United States";"4927";"1";"6.0";"35";"2019-06-14 15:40:28";NULL
"5567";"2886";"Oshkosh Schools";"United States";"4927";"1";"6.0";"35";"2019-06-14 15:48:47";NULL
"5568";"2886";"Oshkosh Schools";"United States";"4927";"1";"6.0";"35";"2019-06-14 15:59:25";NULL
"5576";"2886";"Oshkosh Schools";"United States";"4927";"1";"6.0";"35";"2019-06-17 16:27:03";NULL
"5579";"2886";"Oshkosh Schools";"United States";"4927";"1";"6.0";"35";"2019-06-17 16:40:01";NULL
"5580";"2886";"Oshkosh Schools";"United States";"4927";"1";"6.0";"35";"2019-06-17 16:43:13";NULL
"5582";"2886";"Oshkosh Schools";"United States";"4927";"1";"6.0";"35";"2019-06-17 17:11:00";NULL
"5583";"2886";"Oshkosh Schools";"United States";"4927";"1";"6.0";"35";"2019-06-17 17:25:45";NULL
"5584";"2886";"Oshkosh Schools";"United States";"4927";"1";"6.0";"35";"2019-06-17 17:50:13";NULL
"5585";"2886";"Oshkosh Schools";"United States";"4927";"1";"6.0";"35";"2019-06-17 19:45:02";NULL
"5586";"2886";"Oshkosh Schools";"United States";"4927";"1";"6.0";"35";"2019-06-17 19:50:43";NULL
"5587";"2886";"Oshkosh Schools";"United States";"4927";"1";"6.0";"35";"2019-06-17 20:03:08";NULL
"5588";"2886";"Oshkosh Schools";"United States";"4927";"1";"6.0";"35";"2019-06-17 20:06:03";NULL
"5595";"2886";"Oshkosh Schools";"United States";"4927";"1";"6.0";"35";"2019-06-18 12:03:31";NULL
"5596";"2886";"Oshkosh Schools";"United States";"4927";"1";"6.0";"35";"2019-06-18 12:04:58";NULL
"5598";"2886";"Oshkosh Schools";"United States";"4927";"1";"6.0";"35";"2019-06-18 12:18:54";NULL
"5605";"2886";"Oshkosh Schools";"United States";"4927";"1";"6.0";"35";"2019-06-18 16:28:00";NULL
"5606";"2886";"Oshkosh Schools";"United States";"4927";"1";"6.0";"35";"2019-06-18 16:43:13";NULL
"5607";"2886";"Oshkosh Schools";"United States";"4927";"1";"6.0";"35";"2019-06-18 18:53:28";NULL
"5608";"2886";"Oshkosh Schools";"United States";"4927";"1";"6.0";"35";"2019-06-18 19:06:15";NULL
"5609";"2886";"Oshkosh Schools";"United States";"4927";"1";"6.0";"35";"2019-06-18 19:13:24";NULL
"5610";"2886";"Oshkosh Schools";"United States";"4927";"1";"6.0";"35";"2019-06-18 19:25:26";NULL
"5611";"2886";"Oshkosh Schools";"United States";"4927";"1";"6.0";"35";"2019-06-18 19:35:14";NULL
"5619";"2886";"Oshkosh Schools";"United States";"4927";"1";"6.0";"35";"2019-06-19 13:02:06";NULL
"5620";"2886";"Oshkosh Schools";"United States";"4927";"1";"6.0";"35";"2019-06-19 13:05:59";NULL
"5621";"2886";"Oshkosh Schools";"United States";"4927";"1";"6.0";"35";"2019-06-19 13:51:22";NULL
"5622";"2886";"Oshkosh Schools";"United States";"4927";"1";"6.0";"35";"2019-06-19 13:53:40";NULL
"5624";"2886";"Oshkosh Schools";"United States";"4927";"1";"6.0";"35";"2019-06-19 14:02:28";NULL
"5625";"2886";"Oshkosh Schools";"United States";"4927";"1";"6.0";"35";"2019-06-19 14:11:22";NULL
"5626";"2886";"Oshkosh Schools";"United States";"4927";"1";"6.0";"35";"2019-06-19 14:19:46";NULL
"5632";"2886";"Oshkosh Schools";"United States";"4927";"1";"6.0";"35";"2019-06-19 19:27:35";NULL
"5633";"2886";"Oshkosh Schools";"United States";"4927";"1";"6.0";"35";"2019-06-19 19:28:02";NULL
"5634";"2886";"Oshkosh Schools";"United States";"4927";"1";"6.0";"35";"2019-06-19 19:44:19";NULL
"5649";"2886";"Oshkosh Schools";"United States";"4927";"1";"6.0";"35";"2019-06-20 11:47:55";NULL
"5650";"2886";"Oshkosh Schools";"United States";"4927";"1";"6.0";"35";"2019-06-20 11:55:06";NULL
"5651";"2886";"Oshkosh Schools";"United States";"4927";"1";"6.0";"35";"2019-06-20 12:01:52";NULL
"5659";"2886";"Oshkosh Schools";"United States";"4927";"1";"6.0";"35";"2019-06-20 15:49:26";NULL
"5662";"2886";"Oshkosh Schools";"United States";"4927";"1";"6.0";"35";"2019-06-20 16:01:28";NULL
"5666";"2886";"Oshkosh Schools";"United States";"4927";"1";"6.0";"35";"2019-06-21 11:19:05";NULL
"5667";"2886";"Oshkosh Schools";"United States";"4927";"1";"6.0";"35";"2019-06-21 11:24:17";NULL
"5668";"2886";"Oshkosh Schools";"United States";"4927";"1";"6.0";"35";"2019-06-21 11:59:26";NULL
"5670";"2886";"Oshkosh Schools";"United States";"4927";"1";"6.0";"35";"2019-06-21 12:56:04";NULL
"5671";"2886";"Oshkosh Schools";"United States";"4927";"1";"6.0";"35";"2019-06-21 13:03:52";NULL
"5700";"2886";"Oshkosh Schools";"United States";"4927";"1";"6.0";"35";"2019-06-24 17:06:13";NULL
"5701";"2886";"Oshkosh Schools";"United States";"4927";"1";"6.0";"35";"2019-06-24 17:09:36";NULL
"5702";"2886";"Oshkosh Schools";"United States";"4927";"1";"6.0";"35";"2019-06-24 17:14:54";NULL
"5703";"2886";"Oshkosh Schools";"United States";"4927";"1";"6.0";"35";"2019-06-24 20:23:38";NULL
"5721";"2886";"Oshkosh Schools";"United States";"4927";"1";"6.0";"35";"2019-06-25 11:56:43";NULL
"5722";"2886";"Oshkosh Schools";"United States";"4927";"1";"6.0";"35";"2019-06-25 12:14:35";NULL
"5728";"2886";"Oshkosh Schools";"United States";"4927";"1";"6.0";"35";"2019-06-25 19:03:21";NULL
"5738";"2886";"Oshkosh Schools";"United States";"4927";"1";"6.0";"35";"2019-06-25 20:03:55";NULL
"5739";"2886";"Oshkosh Schools";"United States";"4927";"1";"6.0";"35";"2019-06-25 20:19:32";NULL
"5740";"2886";"Oshkosh Schools";"United States";"4927";"1";"6.0";"35";"2019-06-25 20:20:58";NULL
"5751";"2886";"Oshkosh Schools";"United States";"4927";"1";"6.0";"35";"2019-06-26 12:34:05";NULL
"5752";"2886";"Oshkosh Schools";"United States";"4927";"1";"6.0";"35";"2019-06-26 12:44:23";NULL
"5753";"2886";"Oshkosh Schools";"United States";"4927";"1";"6.0";"35";"2019-06-26 16:46:31";NULL
"5754";"2886";"Oshkosh Schools";"United States";"4927";"1";"6.0";"35";"2019-06-26 16:59:57";NULL
"5755";"2886";"Oshkosh Schools";"United States";"4927";"1";"6.0";"35";"2019-06-26 17:19:12";NULL
"5756";"2886";"Oshkosh Schools";"United States";"4927";"1";"6.0";"35";"2019-06-26 17:39:41";NULL
"5757";"2886";"Oshkosh Schools";"United States";"4927";"1";"6.0";"35";"2019-06-26 19:25:37";NULL
"5758";"2886";"Oshkosh Schools";"United States";"4927";"1";"6.0";"35";"2019-06-26 19:34:32";NULL
"5776";"2886";"Oshkosh Schools";"United States";"4927";"1";"6.0";"35";"2019-06-27 11:35:29";NULL
"5779";"2886";"Oshkosh Schools";"United States";"4927";"1";"6.0";"35";"2019-06-27 15:17:32";NULL
"5780";"2886";"Oshkosh Schools";"United States";"4927";"1";"6.0";"35";"2019-06-27 15:56:39";NULL
"5781";"2886";"Oshkosh Schools";"United States";"4927";"1";"6.0";"35";"2019-06-27 16:10:48";NULL
"5782";"2886";"Oshkosh Schools";"United States";"4927";"1";"6.0";"35";"2019-06-27 16:19:11";NULL
"5783";"2886";"Oshkosh Schools";"United States";"4927";"1";"6.0";"35";"2019-06-27 16:27:55";NULL
"5784";"2886";"Oshkosh Schools";"United States";"4927";"1";"6.0";"35";"2019-06-27 17:53:29";NULL
"5809";"2886";"Oshkosh Schools";"United States";"4927";"1";"6.0";"35";"2019-07-01 17:28:09";NULL
"5810";"2886";"Oshkosh Schools";"United States";"4927";"1";"6.0";"35";"2019-07-01 17:45:36";NULL
"5811";"2886";"Oshkosh Schools";"United States";"4927";"1";"6.0";"35";"2019-07-01 17:50:29";NULL
"5812";"2886";"Oshkosh Schools";"United States";"4927";"1";"6.0";"35";"2019-07-01 19:00:50";NULL
"5813";"2886";"Oshkosh Schools";"United States";"4927";"1";"6.0";"35";"2019-07-01 19:04:00";NULL
"5814";"2886";"Oshkosh Schools";"United States";"4927";"1";"6.0";"35";"2019-07-01 19:10:29";NULL
"5815";"2886";"Oshkosh Schools";"United States";"4927";"1";"6.0";"35";"2019-07-01 19:23:29";NULL
"5816";"2886";"Oshkosh Schools";"United States";"4927";"1";"6.0";"35";"2019-07-01 19:32:49";NULL
"5835";"2886";"Oshkosh Schools";"United States";"4927";"1";"6.0";"35";"2019-07-03 14:32:07";NULL
"5837";"2886";"Oshkosh Schools";"United States";"4927";"1";"6.0";"35";"2019-07-03 14:45:58";NULL
"5839";"2886";"Oshkosh Schools";"United States";"4927";"1";"6.0";"35";"2019-07-03 15:08:39";NULL
"5840";"2886";"Oshkosh Schools";"United States";"4927";"1";"6.0";"35";"2019-07-03 15:21:00";NULL
"5841";"2886";"Oshkosh Schools";"United States";"4927";"1";"6.0";"35";"2019-07-03 15:32:16";NULL
"5842";"2886";"Oshkosh Schools";"United States";"4927";"1";"6.0";"35";"2019-07-03 19:02:22";NULL
"5843";"2886";"Oshkosh Schools";"United States";"4927";"1";"6.0";"35";"2019-07-03 19:14:08";NULL
"5844";"2886";"Oshkosh Schools";"United States";"4927";"1";"6.0";"35";"2019-07-03 19:31:16";NULL
"5871";"2886";"Oshkosh Schools";"United States";"4927";"1";"6.0";"35";"2019-07-08 11:37:51";NULL
"5872";"2886";"Oshkosh Schools";"United States";"4927";"1";"6.0";"35";"2019-07-08 11:52:16";NULL
"5873";"2886";"Oshkosh Schools";"United States";"4927";"1";"6.0";"35";"2019-07-08 12:08:13";NULL
"5875";"2886";"Oshkosh Schools";"United States";"4927";"1";"6.0";"35";"2019-07-08 12:26:09";NULL
"5876";"2886";"Oshkosh Schools";"United States";"4927";"1";"6.0";"35";"2019-07-08 12:38:15";NULL
"5878";"2886";"Oshkosh Schools";"United States";"4927";"1";"6.0";"35";"2019-07-08 12:51:53";NULL
"5881";"2886";"Oshkosh Schools";"United States";"4927";"1";"6.0";"35";"2019-07-08 13:08:42";NULL
"5886";"2886";"Oshkosh Schools";"United States";"4927";"1";"6.0";"35";"2019-07-08 16:05:54";NULL
"5887";"2886";"Oshkosh Schools";"United States";"4927";"1";"6.0";"35";"2019-07-08 16:09:50";NULL
"5888";"2886";"Oshkosh Schools";"United States";"4927";"1";"6.0";"35";"2019-07-08 16:15:57";NULL
"5889";"2886";"Oshkosh Schools";"United States";"4927";"1";"6.0";"35";"2019-07-08 16:32:41";NULL
"5891";"2886";"Oshkosh Schools";"United States";"4927";"1";"6.0";"35";"2019-07-08 16:43:17";NULL
"5893";"2886";"Oshkosh Schools";"United States";"4927";"1";"6.0";"35";"2019-07-08 20:37:39";NULL
"5898";"2886";"Oshkosh Schools";"United States";"4927";"1";"6.0";"35";"2019-07-09 16:01:17";NULL
"5899";"2886";"Oshkosh Schools";"United States";"4927";"1";"6.0";"35";"2019-07-09 16:35:36";NULL
"5900";"2886";"Oshkosh Schools";"United States";"4927";"1";"6.0";"35";"2019-07-09 16:48:05";NULL
"5902";"2886";"Oshkosh Schools";"United States";"4927";"1";"6.0";"35";"2019-07-09 17:14:38";NULL
"5903";"2886";"Oshkosh Schools";"United States";"4927";"1";"6.0";"35";"2019-07-09 17:46:04";NULL
"5907";"2886";"Oshkosh Schools";"United States";"4927";"1";"6.0";"35";"2019-07-09 20:14:01";NULL
"5919";"2886";"Oshkosh Schools";"United States";"4927";"1";"6.0";"35";"2019-07-10 13:03:53";NULL
"5920";"2886";"Oshkosh Schools";"United States";"4927";"1";"6.0";"35";"2019-07-10 13:21:25";NULL
"5921";"2886";"Oshkosh Schools";"United States";"4927";"1";"6.0";"35";"2019-07-10 13:35:40";NULL
"5928";"2886";"Oshkosh Schools";"United States";"4927";"1";"6.0";"35";"2019-07-10 14:36:27";NULL
"5929";"2886";"Oshkosh Schools";"United States";"4927";"1";"6.0";"35";"2019-07-10 15:15:34";NULL
"5931";"2886";"Oshkosh Schools";"United States";"4927";"1";"6.0";"35";"2019-07-10 15:46:55";NULL
"5932";"2886";"Oshkosh Schools";"United States";"4927";"1";"6.0";"35";"2019-07-10 19:16:49";NULL
"5933";"2886";"Oshkosh Schools";"United States";"4927";"1";"6.0";"35";"2019-07-10 19:27:09";NULL
"5934";"2886";"Oshkosh Schools";"United States";"4927";"1";"6.0";"35";"2019-07-10 19:49:02";NULL
"5945";"2886";"Oshkosh Schools";"United States";"4927";"1";"6.0";"35";"2019-07-11 13:03:02";NULL
"5946";"2886";"Oshkosh Schools";"United States";"4927";"1";"6.0";"35";"2019-07-11 13:07:08";NULL
"5947";"2886";"Oshkosh Schools";"United States";"4927";"1";"6.0";"35";"2019-07-11 13:46:54";NULL
"5948";"2886";"Oshkosh Schools";"United States";"4927";"1";"6.0";"35";"2019-07-11 13:53:56";NULL
"5949";"2886";"Oshkosh Schools";"United States";"4927";"1";"6.0";"35";"2019-07-11 14:10:15";NULL
"5951";"2886";"Oshkosh Schools";"United States";"4927";"1";"6.0";"35";"2019-07-11 15:51:07";NULL
"5978";"2886";"Oshkosh Schools";"United States";"4927";"1";"6.0";"35";"2019-07-15 17:43:42";NULL
"5979";"2886";"Oshkosh Schools";"United States";"4927";"1";"6.0";"35";"2019-07-15 17:57:55";NULL
"5980";"2886";"Oshkosh Schools";"United States";"4927";"1";"6.0";"35";"2019-07-15 18:04:48";NULL
"5981";"2886";"Oshkosh Schools";"United States";"4927";"1";"6.0";"35";"2019-07-15 18:15:49";NULL
"5982";"2886";"Oshkosh Schools";"United States";"4927";"1";"6.0";"35";"2019-07-15 20:03:43";NULL
"5983";"2886";"Oshkosh Schools";"United States";"4927";"1";"6.0";"35";"2019-07-15 20:11:37";NULL
"5984";"2886";"Oshkosh Schools";"United States";"4927";"1";"6.0";"35";"2019-07-15 20:24:10";NULL
"5991";"2886";"Oshkosh Schools";"United States";"4927";"1";"6.0";"35";"2019-07-16 12:44:52";NULL
"5992";"2886";"Oshkosh Schools";"United States";"4927";"1";"6.0";"35";"2019-07-16 12:47:01";NULL
"5993";"2886";"Oshkosh Schools";"United States";"4927";"1";"6.0";"35";"2019-07-16 13:02:30";NULL
"5994";"2886";"Oshkosh Schools";"United States";"4927";"1";"6.0";"35";"2019-07-16 13:10:44";NULL
"5995";"2886";"Oshkosh Schools";"United States";"4927";"1";"6.0";"35";"2019-07-16 13:17:48";NULL
"5996";"2886";"Oshkosh Schools";"United States";"4927";"1";"6.0";"35";"2019-07-16 13:21:14";NULL
"5998";"2886";"Oshkosh Schools";"United States";"4927";"1";"6.0";"35";"2019-07-16 13:39:59";NULL
"5999";"2886";"Oshkosh Schools";"United States";"4927";"1";"6.0";"35";"2019-07-16 13:56:31";NULL
"6000";"2886";"Oshkosh Schools";"United States";"4927";"1";"6.0";"35";"2019-07-16 14:29:01";NULL
"6028";"2886";"Oshkosh Schools";"United States";"4927";"1";"6.0";"35";"2019-07-18 17:35:03";NULL
"6029";"2886";"Oshkosh Schools";"United States";"4927";"1";"6.0";"35";"2019-07-18 17:41:39";NULL
"6030";"2886";"Oshkosh Schools";"United States";"4927";"1";"6.0";"35";"2019-07-18 17:47:41";NULL
"6031";"2886";"Oshkosh Schools";"United States";"4927";"1";"6.0";"35";"2019-07-18 17:53:58";NULL
"6033";"2886";"Oshkosh Schools";"United States";"4927";"1";"6.0";"35";"2019-07-18 19:22:26";NULL
"6060";"2886";"Oshkosh Schools";"United States";"4927";"1";"6.0";"35";"2019-07-22 13:52:15";NULL
"6061";"2886";"Oshkosh Schools";"United States";"4927";"1";"6.0";"35";"2019-07-22 13:58:08";NULL
"6062";"2886";"Oshkosh Schools";"United States";"4927";"1";"6.0";"35";"2019-07-22 14:02:23";NULL
"6063";"2886";"Oshkosh Schools";"United States";"4927";"1";"6.0";"35";"2019-07-22 14:10:54";NULL
"6064";"2886";"Oshkosh Schools";"United States";"4927";"1";"6.0";"35";"2019-07-22 14:20:20";NULL
"6065";"2886";"Oshkosh Schools";"United States";"4927";"1";"6.0";"35";"2019-07-22 14:30:29";NULL
"6066";"2886";"Oshkosh Schools";"United States";"4927";"1";"6.0";"35";"2019-07-22 14:40:19";NULL
"6067";"2886";"Oshkosh Schools";"United States";"4927";"1";"6.0";"35";"2019-07-22 14:49:13";NULL
"6068";"2886";"Oshkosh Schools";"United States";"4927";"1";"6.0";"35";"2019-07-22 15:38:31";NULL
"6081";"2886";"Oshkosh Schools";"United States";"4927";"1";"6.0";"35";"2019-07-23 16:23:17";NULL
"6082";"2886";"Oshkosh Schools";"United States";"4927";"1";"6.0";"35";"2019-07-23 16:34:14";NULL
"6083";"2886";"Oshkosh Schools";"United States";"4927";"1";"6.0";"35";"2019-07-23 16:54:17";NULL
"6084";"2886";"Oshkosh Schools";"United States";"4927";"1";"6.0";"35";"2019-07-23 16:59:54";NULL
"6085";"2886";"Oshkosh Schools";"United States";"4927";"1";"6.0";"35";"2019-07-23 17:00:56";NULL
"6086";"2886";"Oshkosh Schools";"United States";"4927";"1";"6.0";"35";"2019-07-23 17:13:57";NULL
"6087";"2886";"Oshkosh Schools";"United States";"4927";"1";"6.0";"35";"2019-07-23 17:18:17";NULL
"6088";"2886";"Oshkosh Schools";"United States";"4927";"1";"6.0";"35";"2019-07-23 17:28:00";NULL
"6089";"2886";"Oshkosh Schools";"United States";"4927";"1";"6.0";"35";"2019-07-23 17:36:55";NULL
"6090";"2886";"Oshkosh Schools";"United States";"4927";"1";"6.0";"35";"2019-07-23 17:44:21";NULL
"6091";"2886";"Oshkosh Schools";"United States";"4927";"1";"6.0";"35";"2019-07-23 17:47:31";NULL
"6092";"2886";"Oshkosh Schools";"United States";"4927";"1";"6.0";"35";"2019-07-23 17:58:14";NULL
"6113";"2886";"Oshkosh Schools";"United States";"4927";"1";"6.0";"35";"2019-07-24 15:24:01";NULL
"6114";"2886";"Oshkosh Schools";"United States";"4927";"1";"6.0";"35";"2019-07-24 15:27:14";NULL
"6115";"2886";"Oshkosh Schools";"United States";"4927";"1";"6.0";"35";"2019-07-24 15:30:19";NULL
"6117";"2886";"Oshkosh Schools";"United States";"4927";"1";"6.0";"35";"2019-07-24 15:45:31";NULL
"6118";"2886";"Oshkosh Schools";"United States";"4927";"1";"6.0";"35";"2019-07-24 15:56:36";NULL
"6119";"2886";"Oshkosh Schools";"United States";"4927";"1";"6.0";"35";"2019-07-24 16:06:52";NULL
"6121";"2886";"Oshkosh Schools";"United States";"4927";"1";"6.0";"35";"2019-07-24 20:04:36";NULL
"6122";"2886";"Oshkosh Schools";"United States";"4927";"1";"6.0";"35";"2019-07-24 20:28:04";NULL
"6133";"2886";"Oshkosh Schools";"United States";"4927";"1";"6.0";"35";"2019-07-25 12:59:53";NULL
"6135";"2886";"Oshkosh Schools";"United States";"4927";"1";"6.0";"35";"2019-07-25 14:21:16";NULL
"6136";"2886";"Oshkosh Schools";"United States";"4927";"1";"6.0";"35";"2019-07-25 14:25:52";NULL
"6137";"2886";"Oshkosh Schools";"United States";"4927";"1";"6.0";"35";"2019-07-25 14:40:50";NULL
"6138";"2886";"Oshkosh Schools";"United States";"4927";"1";"6.0";"35";"2019-07-25 14:45:24";NULL
"6139";"2886";"Oshkosh Schools";"United States";"4927";"1";"6.0";"35";"2019-07-25 14:47:39";NULL
"6140";"2886";"Oshkosh Schools";"United States";"4927";"1";"6.0";"35";"2019-07-25 14:48:02";NULL
"6141";"2886";"Oshkosh Schools";"United States";"4927";"1";"6.0";"35";"2019-07-25 15:17:20";NULL
"6142";"2886";"Oshkosh Schools";"United States";"4927";"1";"6.0";"35";"2019-07-25 18:42:33";NULL
"6143";"2886";"Oshkosh Schools";"United States";"4927";"1";"6.0";"35";"2019-07-25 18:53:46";NULL
"6156";"2886";"Oshkosh Schools";"United States";"4927";"1";"6.0";"35";"2019-07-29 12:51:10";NULL
"6157";"2886";"Oshkosh Schools";"United States";"4927";"1";"6.0";"35";"2019-07-29 13:06:19";NULL
"6158";"2886";"Oshkosh Schools";"United States";"4927";"1";"6.0";"35";"2019-07-29 13:23:33";NULL
"6159";"2886";"Oshkosh Schools";"United States";"4927";"1";"6.0";"35";"2019-07-29 14:05:14";NULL
"6160";"2886";"Oshkosh Schools";"United States";"4927";"1";"6.0";"35";"2019-07-29 14:19:58";NULL
"6161";"2886";"Oshkosh Schools";"United States";"4927";"1";"6.0";"35";"2019-07-29 15:04:47";NULL
"6162";"2886";"Oshkosh Schools";"United States";"4927";"1";"6.0";"35";"2019-07-29 16:17:17";NULL
"6163";"2886";"Oshkosh Schools";"United States";"4927";"1";"6.0";"35";"2019-07-29 19:37:12";NULL
"6164";"2886";"Oshkosh Schools";"United States";"4927";"1";"6.0";"35";"2019-07-29 19:47:44";NULL
"6165";"2886";"Oshkosh Schools";"United States";"4927";"1";"6.0";"35";"2019-07-29 20:02:48";NULL
"6166";"2886";"Oshkosh Schools";"United States";"4927";"1";"6.0";"35";"2019-07-29 20:05:19";NULL
"6185";"2886";"Oshkosh Schools";"United States";"4927";"1";"6.0";"35";"2019-07-30 15:14:21";NULL
"6186";"2886";"Oshkosh Schools";"United States";"4927";"1";"6.0";"35";"2019-07-30 15:28:18";NULL
"6187";"2886";"Oshkosh Schools";"United States";"4927";"1";"6.0";"35";"2019-07-30 18:17:32";NULL
"6189";"2886";"Oshkosh Schools";"United States";"4927";"1";"6.0";"35";"2019-07-31 12:26:38";NULL
"6190";"2886";"Oshkosh Schools";"United States";"4927";"1";"6.0";"35";"2019-07-31 12:35:42";NULL
"6191";"2886";"Oshkosh Schools";"United States";"4927";"1";"6.0";"35";"2019-07-31 12:47:54";NULL
"6192";"2886";"Oshkosh Schools";"United States";"4927";"1";"6.0";"35";"2019-07-31 12:52:46";NULL
"6194";"2886";"Oshkosh Schools";"United States";"4927";"1";"6.0";"35";"2019-07-31 13:02:13";NULL
"6196";"2886";"Oshkosh Schools";"United States";"4927";"1";"6.0";"35";"2019-07-31 14:43:07";NULL
"6198";"2886";"Oshkosh Schools";"United States";"4927";"1";"6.0";"35";"2019-07-31 16:01:36";NULL
"6199";"2886";"Oshkosh Schools";"United States";"4927";"1";"6.0";"35";"2019-07-31 16:33:34";NULL
"6201";"2886";"Oshkosh Schools";"United States";"4927";"1";"6.0";"35";"2019-07-31 19:13:21";NULL
"6234";"2886";"Oshkosh Schools";"United States";"4927";"1";"6.0";"35";"2019-08-05 11:49:46";NULL
"6235";"2886";"Oshkosh Schools";"United States";"4927";"1";"6.0";"35";"2019-08-05 11:52:04";NULL
"6236";"2886";"Oshkosh Schools";"United States";"4927";"1";"6.0";"35";"2019-08-05 11:54:16";NULL
"6238";"2886";"Oshkosh Schools";"United States";"4927";"1";"6.0";"35";"2019-08-05 11:56:50";NULL
"6239";"2886";"Oshkosh Schools";"United States";"4927";"1";"6.0";"35";"2019-08-05 12:00:00";NULL
"6243";"2886";"Oshkosh Schools";"United States";"4927";"1";"6.0";"35";"2019-08-05 12:17:33";NULL
"6258";"2886";"Oshkosh Schools";"United States";"4927";"1";"6.0";"35";"2019-08-05 15:33:50";NULL
"6260";"2886";"Oshkosh Schools";"United States";"4927";"1";"6.0";"35";"2019-08-05 15:42:56";NULL
"6264";"2886";"Oshkosh Schools";"United States";"4927";"1";"6.0";"35";"2019-08-05 16:06:02";NULL
"6280";"2886";"Oshkosh Schools";"United States";"4927";"1";"6.0";"35";"2019-08-05 20:23:48";NULL
"6281";"2886";"Oshkosh Schools";"United States";"4927";"1";"6.0";"35";"2019-08-05 20:26:13";NULL
"6283";"2886";"Oshkosh Schools";"United States";"4927";"1";"6.0";"35";"2019-08-05 20:35:21";NULL
"6284";"2886";"Oshkosh Schools";"United States";"4927";"1";"6.0";"35";"2019-08-05 20:39:07";NULL
"6285";"2886";"Oshkosh Schools";"United States";"4927";"1";"6.0";"35";"2019-08-05 20:42:17";NULL
"6297";"2886";"Oshkosh Schools";"United States";"4927";"1";"6.0";"35";"2019-08-06 17:46:37";NULL
"6298";"2886";"Oshkosh Schools";"United States";"4927";"1";"6.0";"35";"2019-08-06 17:56:05";NULL
"6299";"2886";"Oshkosh Schools";"United States";"4927";"1";"6.0";"35";"2019-08-06 18:03:35";NULL
"6300";"2886";"Oshkosh Schools";"United States";"4927";"1";"6.0";"35";"2019-08-06 18:12:59";NULL
"6301";"2886";"Oshkosh Schools";"United States";"4927";"1";"6.0";"35";"2019-08-06 18:14:19";NULL
"6302";"2886";"Oshkosh Schools";"United States";"4927";"1";"6.0";"35";"2019-08-06 18:22:56";NULL
"6328";"2886";"Oshkosh Schools";"United States";"4927";"1";"6.0";"35";"2019-08-07 13:02:14";NULL
"6329";"2886";"Oshkosh Schools";"United States";"4927";"1";"6.0";"35";"2019-08-07 13:28:23";NULL
"6330";"2886";"Oshkosh Schools";"United States";"4927";"1";"6.0";"35";"2019-08-07 13:35:09";NULL
"6331";"2886";"Oshkosh Schools";"United States";"4927";"1";"6.0";"35";"2019-08-07 13:56:56";NULL
"6332";"2886";"Oshkosh Schools";"United States";"4927";"1";"6.0";"35";"2019-08-07 14:26:03";NULL
"6335";"2886";"Oshkosh Schools";"United States";"4927";"1";"6.0";"35";"2019-08-07 15:02:01";NULL
"6336";"2886";"Oshkosh Schools";"United States";"4927";"1";"6.0";"35";"2019-08-07 15:12:51";NULL
"6367";"2886";"Oshkosh Schools";"United States";"4927";"1";"6.0";"35";"2019-08-08 12:01:01";NULL
"6369";"2886";"Oshkosh Schools";"United States";"4927";"1";"6.0";"35";"2019-08-08 12:08:28";NULL
"6371";"2886";"Oshkosh Schools";"United States";"4927";"1";"6.0";"35";"2019-08-08 12:27:41";NULL
"6372";"2886";"Oshkosh Schools";"United States";"4927";"1";"6.0";"35";"2019-08-08 13:03:57";NULL
"6373";"2886";"Oshkosh Schools";"United States";"4927";"1";"6.0";"35";"2019-08-08 13:16:03";NULL
"6374";"2886";"Oshkosh Schools";"United States";"4927";"1";"6.0";"35";"2019-08-08 13:33:10";NULL
"6376";"2886";"Oshkosh Schools";"United States";"4927";"1";"6.0";"35";"2019-08-08 14:21:16";NULL
"6380";"2886";"Oshkosh Schools";"United States";"4927";"1";"6.0";"35";"2019-08-08 17:55:04";NULL
"6383";"2886";"Oshkosh Schools";"United States";"4927";"1";"6.0";"35";"2019-08-08 18:02:43";NULL
"6384";"2886";"Oshkosh Schools";"United States";"4927";"1";"6.0";"35";"2019-08-08 18:23:09";NULL
"6385";"2886";"Oshkosh Schools";"United States";"4927";"1";"6.0";"35";"2019-08-08 18:34:30";NULL
"6386";"2886";"Oshkosh Schools";"United States";"4927";"1";"6.0";"35";"2019-08-08 18:43:57";NULL
"6426";"2886";"Oshkosh Schools";"United States";"4927";"1";"6.0";"35";"2019-08-12 15:16:56";NULL
"6427";"2886";"Oshkosh Schools";"United States";"4927";"1";"6.0";"35";"2019-08-12 15:29:50";NULL
"6428";"2886";"Oshkosh Schools";"United States";"4927";"1";"6.0";"35";"2019-08-12 15:38:02";NULL
"6429";"2886";"Oshkosh Schools";"United States";"4927";"1";"6.0";"35";"2019-08-12 15:45:41";NULL
"6430";"2886";"Oshkosh Schools";"United States";"4927";"1";"6.0";"35";"2019-08-12 15:48:06";NULL
"6431";"2886";"Oshkosh Schools";"United States";"4927";"1";"6.0";"34";"2019-08-12 19:12:43";NULL
"6432";"2886";"Oshkosh Schools";"United States";"4927";"1";"6.0";"35";"2019-08-12 19:25:27";NULL
"6433";"2886";"Oshkosh Schools";"United States";"4927";"1";"6.0";"35";"2019-08-12 20:53:48";NULL
"6451";"2886";"Oshkosh Schools";"United States";"4927";"1";"6.0";"35";"2019-08-13 14:14:50";NULL
"6452";"2886";"Oshkosh Schools";"United States";"4927";"1";"6.0";"35";"2019-08-13 14:29:34";NULL
"6457";"2886";"Oshkosh Schools";"United States";"4927";"1";"6.0";"35";"2019-08-13 15:32:42";NULL
"6459";"2886";"Oshkosh Schools";"United States";"4927";"1";"6.0";"35";"2019-08-13 18:42:06";NULL
"6460";"2886";"Oshkosh Schools";"United States";"4927";"1";"6.0";"35";"2019-08-13 18:48:20";NULL
"6461";"2886";"Oshkosh Schools";"United States";"4927";"1";"6.0";"35";"2019-08-13 18:56:13";NULL
"6462";"2886";"Oshkosh Schools";"United States";"4927";"1";"6.0";"35";"2019-08-13 19:54:06";NULL
"6463";"2886";"Oshkosh Schools";"United States";"4927";"1";"6.0";"35";"2019-08-13 20:56:19";NULL
"6473";"2886";"Oshkosh Schools";"United States";"4927";"1";"6.0";"35";"2019-08-14 11:18:15";NULL
"6474";"2886";"Oshkosh Schools";"United States";"4927";"1";"6.0";"35";"2019-08-14 12:35:30";NULL
"6476";"2886";"Oshkosh Schools";"United States";"4927";"1";"6.0";"35";"2019-08-14 13:38:22";NULL
"6477";"2886";"Oshkosh Schools";"United States";"4927";"1";"6.0";"35";"2019-08-14 15:45:37";NULL
"6478";"2886";"Oshkosh Schools";"United States";"4927";"1";"6.0";"35";"2019-08-14 15:51:10";NULL
"6479";"2886";"Oshkosh Schools";"United States";"4927";"1";"6.0";"35";"2019-08-14 15:55:35";NULL
"6480";"2886";"Oshkosh Schools";"United States";"4927";"1";"6.0";"35";"2019-08-14 16:09:59";NULL
"6481";"2886";"Oshkosh Schools";"United States";"4927";"1";"6.0";"35";"2019-08-14 16:20:49";NULL
"6484";"2886";"Oshkosh Schools";"United States";"4927";"1";"6.0";"35";"2019-08-14 19:01:29";NULL
"6486";"2886";"Oshkosh Schools";"United States";"4927";"1";"6.0";"35";"2019-08-14 19:29:34";NULL
"6487";"2886";"Oshkosh Schools";"United States";"4927";"1";"6.0";"35";"2019-08-14 20:13:13";NULL
"6488";"2886";"Oshkosh Schools";"United States";"4927";"1";"6.0";"35";"2019-08-14 20:27:58";NULL
"6495";"2886";"Oshkosh Schools";"United States";"4927";"1";"6.0";"35";"2019-08-15 12:28:35";NULL
"6496";"2886";"Oshkosh Schools";"United States";"4927";"1";"6.0";"35";"2019-08-15 14:28:21";NULL
"6497";"2886";"Oshkosh Schools";"United States";"4927";"1";"6.0";"35";"2019-08-15 15:28:26";NULL
"6499";"2886";"Oshkosh Schools";"United States";"4927";"1";"6.0";"35";"2019-08-15 16:28:52";NULL
"6518";"2886";"Oshkosh Schools";"United States";"4927";"1";"6.0";"35";"2019-08-19 11:30:05";NULL
"6520";"2886";"Oshkosh Schools";"United States";"4927";"1";"6.0";"35";"2019-08-19 13:25:19";NULL
"6524";"2886";"Oshkosh Schools";"United States";"4927";"1";"6.0";"35";"2019-08-19 20:27:50";NULL
"6535";"2886";"Oshkosh Schools";"United States";"4927";"1";"6.0";"35";"2019-08-20 15:47:46";NULL
"6536";"2886";"Oshkosh Schools";"United States";"4927";"1";"6.0";"35";"2019-08-20 15:58:29";NULL
"6552";"2886";"Oshkosh Schools";"United States";"4927";"1";"6.0";"35";"2019-08-20 19:00:09";NULL
"6553";"2886";"Oshkosh Schools";"United States";"4927";"1";"6.0";"35";"2019-08-20 20:13:53";NULL
"6554";"2886";"Oshkosh Schools";"United States";"4927";"1";"6.0";"35";"2019-08-20 20:40:28";NULL
"6572";"2886";"Oshkosh Schools";"United States";"4927";"1";"6.0";"35";"2019-08-21 15:11:05";NULL
"6575";"2886";"Oshkosh Schools";"United States";"4927";"1";"6.0";"35";"2019-08-21 16:14:36";NULL
"6576";"2886";"Oshkosh Schools";"United States";"4927";"1";"6.0";"35";"2019-08-21 17:22:49";NULL
"6577";"2886";"Oshkosh Schools";"United States";"4927";"1";"6.0";"35";"2019-08-21 20:41:47";NULL
"6595";"2886";"Oshkosh Schools";"United States";"4927";"1";"6.0";"35";"2019-08-22 12:07:55";NULL
"6597";"2886";"Oshkosh Schools";"United States";"4927";"1";"6.0";"35";"2019-08-22 13:58:36";NULL
"6598";"2886";"Oshkosh Schools";"United States";"4927";"1";"6.0";"35";"2019-08-22 14:19:54";NULL
"6599";"2886";"Oshkosh Schools";"United States";"4927";"1";"6.0";"35";"2019-08-22 14:29:18";NULL
"6601";"2886";"Oshkosh Schools";"United States";"4927";"1";"6.0";"35";"2019-08-22 15:25:59";NULL
"6604";"2886";"Oshkosh Schools";"United States";"4927";"1";"6.0";"35";"2019-08-22 17:18:57";NULL
"6605";"2886";"Oshkosh Schools";"United States";"4927";"1";"6.0";"35";"2019-08-22 18:23:57";NULL
"6607";"2886";"Oshkosh Schools";"United States";"4927";"1";"6.0";"35";"2019-08-22 19:40:02";NULL
"6627";"2886";"Oshkosh Schools";"United States";"4927";"1";"6.0";"35";"2019-08-26 12:21:29";NULL
"6628";"2886";"Oshkosh Schools";"United States";"4927";"1";"6.0";"35";"2019-08-26 12:58:54";NULL
"6629";"2886";"Oshkosh Schools";"United States";"4927";"1";"6.0";"35";"2019-08-26 13:55:35";NULL
"6631";"2886";"Oshkosh Schools";"United States";"4927";"1";"6.0";"35";"2019-08-26 16:34:08";NULL
"6632";"2886";"Oshkosh Schools";"United States";"4927";"1";"6.0";"35";"2019-08-26 16:44:40";NULL
"6633";"2886";"Oshkosh Schools";"United States";"4927";"1";"6.0";"35";"2019-08-26 18:03:51";NULL
"6634";"2886";"Oshkosh Schools";"United States";"4927";"1";"6.0";"35";"2019-08-26 18:05:05";NULL
"6635";"2886";"Oshkosh Schools";"United States";"4927";"1";"6.0";"35";"2019-08-26 18:49:29";NULL
"6638";"2886";"Oshkosh Schools";"United States";"4927";"1";"6.0";"35";"2019-08-26 20:07:16";NULL
"6639";"2886";"Oshkosh Schools";"United States";"4927";"1";"6.0";"35";"2019-08-26 20:22:50";NULL
"6647";"2886";"Oshkosh Schools";"United States";"4927";"1";"6.0";"35";"2019-08-27 11:58:56";NULL
"6648";"2886";"Oshkosh Schools";"United States";"4927";"1";"6.0";"35";"2019-08-27 12:19:35";NULL
"6691";"2886";"Oshkosh Schools";"United States";"4927";"1";"6.0";"35";"2019-08-29 15:52:34";NULL
"6692";"2886";"Oshkosh Schools";"United States";"4927";"1";"6.0";"35";"2019-08-29 17:45:57";NULL
"6701";"2886";"Oshkosh Schools";"United States";"4927";"1";"6.0";"35";"2019-08-30 14:06:16";NULL
"6703";"2886";"Oshkosh Schools";"United States";"4927";"1";"6.0";"35";"2019-08-30 15:54:36";NULL
"6798";"2886";"Oshkosh Schools";"United States";"4927";"1";"6.0";"35";"2019-09-05 13:45:47";NULL
"7052";"2886";"Oshkosh Schools";"United States";"4927";"1";"6.0";"35";"2019-09-24 17:02:47";NULL
"7250";"2886";"Oshkosh Schools";"United States";"4927";"1";"6.0";"35";"2019-10-10 15:03:44";NULL
"7256";"2886";"Oshkosh Schools";"United States";"4927";"1";"6.0";"35";"2019-10-11 16:51:54";NULL
"5356";"2890";"Hillcrest";"United States";"4934";"1";"6.0";"34";"2019-05-22 20:32:18";NULL
"5231";"2895";"臺中市爽文國民中學";"Taiwan";"4943";"1";"5.0.1";"37";"2019-05-10 03:29:24";NULL
"5308";"2895";"臺中市爽文國民中學";"Taiwan";"4943";"1";"5.0.1";"37";"2019-05-17 01:50:58";NULL
"5310";"2895";"臺中市爽文國民中學";"Taiwan";"4943";"1";"5.0.1";"37";"2019-05-17 02:16:56";NULL
"5952";"2895";"臺中市爽文國民中學";"Taiwan";"4943";"1";"5.0.1";"37";"2019-07-12 02:58:05";NULL
"5953";"2895";"臺中市爽文國民中學";"Taiwan";"4943";"1";"5.0.1";"37";"2019-07-12 03:04:40";NULL
"5954";"2895";"臺中市爽文國民中學";"Taiwan";"4943";"1";"5.0.1";"37";"2019-07-12 03:07:08";NULL
"5955";"2895";"臺中市爽文國民中學";"Taiwan";"4943";"1";"5.0.1";"37";"2019-07-12 03:20:55";NULL
"5956";"2895";"臺中市爽文國民中學";"Taiwan";"4943";"1";"5.0.1";"37";"2019-07-12 03:22:04";NULL
"5957";"2895";"臺中市爽文國民中學";"Taiwan";"4943";"1";"5.0.1";"37";"2019-07-12 03:23:15";NULL
"5958";"2895";"臺中市爽文國民中學";"Taiwan";"4943";"1";"5.0.1";"37";"2019-07-12 03:30:36";NULL
"5959";"2895";"臺中市爽文國民中學";"Taiwan";"4943";"1";"5.0.1";"37";"2019-07-12 03:32:03";NULL
"5960";"2895";"臺中市爽文國民中學";"Taiwan";"4943";"1";"5.0.1";"37";"2019-07-12 03:34:42";NULL
"5961";"2895";"臺中市爽文國民中學";"Taiwan";"4943";"1";"5.0.1";"37";"2019-07-12 03:35:42";NULL
"5962";"2895";"臺中市爽文國民中學";"Taiwan";"4943";"1";"5.0.1";"37";"2019-07-12 03:39:11";NULL
"5963";"2895";"臺中市爽文國民中學";"Taiwan";"4943";"1";"5.0.1";"37";"2019-07-12 03:41:14";NULL
"5303";"2919";"ITESM";"Mexico";"4988";"1";"5.1.1";"17";"2019-05-16 17:05:08";NULL
"5824";"2931";"METZ TEHNOPOLES";"France";"5005";"1";"6.0";"35";"2019-07-02 13:44:28";NULL
"5930";"2931";"METZ TEHNOPOLES";"France";"5005";"1";"6.0";"36";"2019-07-10 15:20:40";NULL
"5355";"2944";"Classroom Tech";"United States";"5022";"1";"6.0";"35";"2019-05-22 18:01:39";NULL
"5345";"2945";"Pacific Lutheran";"United States";"5023";"1";"6.0";"35";"2019-05-21 21:02:50";NULL
"5352";"2949";"New London";"United States";"5031";"1";"6.0";"36";"2019-05-22 16:08:34";NULL
"6585";"2960";"Videopro";"Australia";"5049";"1";"6.0";"34";"2019-08-22 05:09:42";NULL
"5405";"2963";"EVRY AB";"Sweden";"5052";"1";"5.0.1";"30";"2019-05-28 12:40:56";NULL
"6892";"2970";"BenQ";"Taiwan";"5066";"1";"8.0.0";"90";"2019-09-12 10:01:12";NULL
"5427";"2980";"Esol";"United Arab Emirates";"5083";"1";"5.1.1";"19";"2019-05-30 07:39:49";NULL
"5469";"2995";"CHMS";"Mexico";"5113";"1";"5.1.1";"17";"2019-06-05 17:03:23";NULL
"7017";"2995";"CHMS";"Mexico";"5113";"1";"5.1.1";"17";"2019-09-20 16:40:23";NULL
"7170";"2995";"CHMS";"Mexico";"5113";"1";"5.1.1";"17";"2019-10-02 17:06:05";NULL
"7171";"2995";"CHMS";"Mexico";"5113";"1";"5.1.1";"17";"2019-10-02 17:21:34";NULL
"7172";"2995";"CHMS";"Mexico";"5113";"1";"5.1.1";"17";"2019-10-02 17:56:04";NULL
"7173";"2995";"CHMS";"Mexico";"5113";"1";"5.1.1";"17";"2019-10-02 18:02:42";NULL
"7174";"2995";"CHMS";"Mexico";"5113";"1";"5.1.1";"17";"2019-10-02 18:08:38";NULL
"7207";"2995";"CHMS";"Mexico";"5113";"1";"5.1.1";"17";"2019-10-04 13:26:06";NULL
"7209";"2995";"CHMS";"Mexico";"5113";"1";"5.1.1";"17";"2019-10-04 13:42:14";NULL
"7212";"2995";"CHMS";"Mexico";"5113";"1";"5.1.1";"17";"2019-10-04 18:37:35";NULL
"7213";"2995";"CHMS";"Mexico";"5113";"1";"5.1.1";"17";"2019-10-04 18:39:46";NULL
"5489";"3004";"Infinicom";"Mexico";"5124";"1";"6.0";"35";"2019-06-06 23:31:32";NULL
"5537";"3008";"4Square";"Bahrain";"5130";"1";"5.1.1";"17";"2019-06-12 10:48:42";NULL
"5524";"3015";"ABM";"Kuwait";"5139";"1";"5.1.1";"20";"2019-06-11 12:43:15";NULL
"5572";"3039";"鴻寬科技";"Taiwan";"5171";"1";"5.1.1";"17";"2019-06-17 07:36:34";NULL
"5637";"3051";"LCGS";"Australia";"5194";"1";"6.0";"34";"2019-06-20 01:26:10";NULL
"5638";"3051";"LCGS";"Australia";"5194";"1";"6.0";"34";"2019-06-20 01:28:22";NULL
"5639";"3051";"LCGS";"Australia";"5194";"1";"5.1.1";"17";"2019-06-20 01:41:21";NULL
"5642";"3051";"LCGS";"Australia";"5194";"1";"5.1.1";"17";"2019-06-20 05:29:44";NULL
"6228";"3051";"LCGS";"Australia";"5194";"1";"6.0";"34";"2019-08-05 06:08:41";NULL
"6229";"3051";"LCGS";"Australia";"5194";"1";"6.0";"34";"2019-08-05 06:09:03";NULL
"6230";"3051";"LCGS";"Australia";"5194";"1";"6.0";"34";"2019-08-05 08:03:51";NULL
"5669";"3067";"Ceymsa SA";"Spain";"5224";"1";"6.0";"34";"2019-06-21 12:53:51";NULL
"5711";"3072";"臺中市永春國民小學";"Taiwan";"5236";"1";"5.0.1";"37";"2019-06-25 02:52:25";NULL
"5775";"3096";"Al Tayer Motors";"United Arab Emirates";"5278";"1";"5.1.1";"20";"2019-06-27 11:10:06";NULL
"5850";"3096";"Al Tayer Motors";"United Arab Emirates";"5278";"1";"5.1.1";"20";"2019-07-04 07:39:22";NULL
"5792";"3102";"Grexx";"Netherlands";"5290";"1";"6.0";"35";"2019-06-28 14:38:37";NULL
"6578";"3106";"Empowered Learn";"Australia";"5299";"1";"6.0";"35";"2019-08-22 01:29:07";NULL
"5832";"3113";"AWS";"Taiwan";"5309";"1";"6.0";"34";"2019-07-03 07:50:33";NULL
"6124";"3113";"AWS";"Taiwan";"5309";"1";"6.0";"34";"2019-07-25 06:59:32";NULL
"6125";"3113";"AWS";"Taiwan";"5309";"1";"6.0";"34";"2019-07-25 07:03:20";NULL
"6126";"3113";"AWS";"Taiwan";"5309";"1";"6.0";"34";"2019-07-25 07:07:42";NULL
"6127";"3113";"AWS";"Taiwan";"5309";"1";"6.0";"34";"2019-07-25 07:09:28";NULL
"6128";"3113";"AWS";"Taiwan";"5309";"1";"6.0";"34";"2019-07-25 07:10:46";NULL
"6129";"3113";"AWS";"Taiwan";"5309";"1";"6.0";"34";"2019-07-25 07:12:08";NULL
"6570";"3114";"OCS Workplaces B";"Netherlands";"5312";"1";"6.0";"35";"2019-08-21 08:27:07";NULL
"6684";"3127";"Hogwarts";"Taiwan";"5336";"1";"6.0";"73";"2019-08-29 09:53:52";NULL
"7163";"3127";"Hogwarts";"Taiwan";"5336";"1";"6.0";"73";"2019-10-02 07:14:58";NULL
"5877";"3135";"QA HE";"United Kingdom";"5349";"1";"6.0";"36";"2019-07-08 12:45:28";NULL
"7074";"3158";"Videocorp";"Peru";"5398";"1";"6.0";"35";"2019-09-25 16:05:09";NULL
"5975";"3162";"Advanced Tech";"United Arab Emirates";"5404";"1";"5.1.1";"19";"2019-07-15 09:19:21";NULL
"6034";"3192";"FamilySearch";"United States";"5438";"1";"6.0";"34";"2019-07-18 19:23:32";NULL
"6155";"3234";"Al Zayani";"Bahrain";"5518";"1";"5.1.1";"19";"2019-07-29 09:26:37";NULL
"6188";"3238";"CCS";"United States";"5534";"1";"6.0";"34";"2019-07-30 19:52:21";NULL
"6925";"3242";"USJ";"United States";"5544";"1";"6.0";"35";"2019-09-16 17:40:16";NULL
"7016";"3242";"USJ";"United States";"5544";"1";"6.0";"35";"2019-09-20 13:51:30";NULL
"6200";"3243";"Sycamore School";"United States";"5547";"1";"6.0";"35";"2019-07-31 17:26:10";NULL
"7054";"3248";"San Silvestre";"Peru";"5557";"1";"6.0";"34";"2019-09-24 21:53:29";NULL
"6218";"3249";"BenQ";"United States";"5558";"1";"6.0";"34";"2019-08-02 23:51:54";NULL
"6334";"3264";"Urbandale CSD";"United States";"5586";"1";"5.1.1";"19";"2019-08-07 14:54:54";NULL
"6379";"3272";"Mt Pleasant Corr";"United States";"5596";"1";"5.1.1";"17";"2019-08-08 15:51:32";NULL
"6400";"3273";"UAMN";"Mexico";"5598";"1";"6.0";"34";"2019-08-09 15:42:03";NULL
"6491";"3301";"Bekdata";"Turkey";"5635";"1";"5.0.1";"31";"2019-08-15 08:38:15";NULL
"6509";"3304";"Milano ISD";"United States";"5641";"1";"6.0";"35";"2019-08-16 14:37:47";NULL
"6532";"3316";"SARCO OMAN";"Oman";"5657";"1";"5.1.1";"17";"2019-08-20 12:14:23";NULL
"6816";"3321";"PC-ARTS";"Argentina";"5664";"1";"6.0";"35";"2019-09-07 15:53:42";NULL
"6559";"3333";"MMTSydney";"Australia";"5684";"1";"6.0";"34";"2019-08-21 04:02:09";NULL
"6573";"3336";"Nord Anglia Int";"Qatar";"5688";"1";"5.1.1";"19";"2019-08-21 15:34:39";NULL
"6574";"3336";"Nord Anglia Int";"Qatar";"5688";"1";"5.1.1";"19";"2019-08-21 15:48:52";NULL
"7418";"3362";"Central USD 462";"United States";"5724";"1";"6.0";"34";"2019-10-14 21:34:56";NULL
"7419";"3362";"Central USD 462";"United States";"5724";"1";"6.0";"34";"2019-10-14 21:35:36";NULL
"7420";"3362";"Central USD 462";"United States";"5724";"1";"6.0";"34";"2019-10-14 21:35:57";NULL
"7421";"3362";"Central USD 462";"United States";"5724";"1";"6.0";"34";"2019-10-14 21:36:28";NULL
"6651";"3367";"Anderson-Shiro";"United States";"5729";"1";"6.0";"34";"2019-08-27 22:59:56";NULL
"7443";"3369";"Almana";"Qatar";"5732";"1";"5.1.1";"20";"2019-10-15 13:32:08";NULL
"6726";"3375";"台北市福安國中";"Taiwan";"5738";"1";"5.1.1";"20";"2019-09-03 08:29:29";NULL
"6729";"3375";"台北市福安國中";"Taiwan";"5738";"1";"5.1.1";"20";"2019-09-03 08:34:33";NULL
"6732";"3375";"台北市福安國中";"Taiwan";"5738";"1";"5.1.1";"20";"2019-09-03 08:46:21";NULL
"6734";"3375";"台北市福安國中";"Taiwan";"5738";"1";"5.1.1";"20";"2019-09-03 08:51:10";NULL
"6736";"3375";"台北市福安國中";"Taiwan";"5738";"1";"5.1.1";"20";"2019-09-03 08:55:24";NULL
"6740";"3375";"台北市福安國中";"Taiwan";"5738";"1";"5.1.1";"20";"2019-09-03 09:08:39";NULL
"6741";"3375";"台北市福安國中";"Taiwan";"5738";"1";"5.1.1";"20";"2019-09-03 09:11:31";NULL
"6742";"3375";"台北市福安國中";"Taiwan";"5738";"1";"5.1.1";"20";"2019-09-03 09:15:15";NULL
"6744";"3375";"台北市福安國中";"Taiwan";"5738";"1";"5.1.1";"20";"2019-09-03 09:25:25";NULL
"6745";"3375";"台北市福安國中";"Taiwan";"5738";"1";"5.1.1";"20";"2019-09-03 09:35:14";NULL
"6767";"3375";"台北市福安國中";"Taiwan";"5738";"1";"5.1.1";"20";"2019-09-04 01:56:45";NULL
"6886";"3375";"台北市福安國中";"Taiwan";"5738";"1";"5.1.1";"20";"2019-09-12 04:51:37";NULL
"6682";"3383";"ACTA";"Netherlands";"5747";"1";"6.0";"35";"2019-08-29 09:23:33";NULL
"6683";"3383";"ACTA";"Netherlands";"5747";"1";"6.0";"35";"2019-08-29 09:30:08";NULL
"6681";"3384";"中平國中";"Taiwan";"5748";"1";"5.1.1";"19";"2019-08-29 09:16:30";NULL
"6709";"3384";"中平國中";"Taiwan";"5748";"1";"5.1.1";"19";"2019-09-02 05:39:42";NULL
"6698";"3392";"NRCSD";"United States";"5756";"1";"6.0";"34";"2019-08-30 13:53:08";NULL
"6702";"3392";"NRCSD";"United States";"5756";"1";"6.0";"34";"2019-08-30 14:51:33";NULL
"6704";"3392";"NRCSD";"United States";"5756";"1";"6.0";"34";"2019-08-30 18:41:57";NULL
"6754";"3392";"NRCSD";"United States";"5756";"1";"6.0";"34";"2019-09-03 18:59:42";NULL
"6756";"3392";"NRCSD";"United States";"5756";"1";"6.0";"34";"2019-09-03 19:04:39";NULL
"6757";"3392";"NRCSD";"United States";"5756";"1";"6.0";"34";"2019-09-03 19:10:16";NULL
"6758";"3392";"NRCSD";"United States";"5756";"1";"6.0";"34";"2019-09-03 19:15:18";NULL
"6760";"3392";"NRCSD";"United States";"5756";"1";"6.0";"34";"2019-09-03 19:23:28";NULL
"6761";"3392";"NRCSD";"United States";"5756";"1";"6.0";"34";"2019-09-03 19:51:18";NULL
"6783";"3392";"NRCSD";"United States";"5756";"1";"6.0";"34";"2019-09-04 15:42:07";NULL
"6882";"3392";"NRCSD";"United States";"5756";"1";"6.0";"34";"2019-09-11 13:29:37";NULL
"6964";"3392";"NRCSD";"United States";"5756";"1";"6.0";"34";"2019-09-18 16:11:11";NULL
"6820";"3398";"BQP";"Taiwan";"5768";"1";"6.0";"36";"2019-09-09 06:34:10";NULL
"7454";"3413";"1991";"United States";"5792";"1";"6.0";"34";"2019-10-15 22:18:31";NULL
"6791";"3415";"AL Tayer Motors";"United Arab Emirates";"5794";"1";"5.1.1";"19";"2019-09-05 08:50:45";NULL
"6916";"3415";"AL Tayer Motors";"United Arab Emirates";"5794";"1";"5.1.1";"17";"2019-09-15 09:50:37";NULL
"6917";"3415";"AL Tayer Motors";"United Arab Emirates";"5794";"1";"5.1.1";"17";"2019-09-15 11:00:33";NULL
"6972";"3415";"AL Tayer Motors";"United Arab Emirates";"5794";"1";"5.1.1";"17";"2019-09-19 09:07:20";NULL
"7196";"3443";"tyjh";"Taiwan";"5839";"1";NULL;NULL;"2019-10-04 05:19:53";NULL
"7197";"3443";"tyjh";"Taiwan";"5839";"1";"5.1.1";"19";"2019-10-04 06:36:20";NULL
"7455";"3443";"tyjh";"Taiwan";"5839";"1";NULL;NULL;"2019-10-16 01:05:39";NULL
"7456";"3443";"tyjh";"Taiwan";"5839";"1";NULL;NULL;"2019-10-16 01:06:08";NULL
"7457";"3443";"tyjh";"Taiwan";"5839";"1";NULL;NULL;"2019-10-16 01:06:33";NULL
"7458";"3443";"tyjh";"Taiwan";"5839";"1";NULL;NULL;"2019-10-16 01:07:28";NULL
"7459";"3443";"tyjh";"Taiwan";"5839";"1";NULL;NULL;"2019-10-16 01:08:19";NULL
"7460";"3443";"tyjh";"Taiwan";"5839";"1";NULL;NULL;"2019-10-16 01:08:54";NULL
"7461";"3443";"tyjh";"Taiwan";"5839";"1";NULL;NULL;"2019-10-16 01:09:31";NULL
"7462";"3443";"tyjh";"Taiwan";"5839";"1";NULL;NULL;"2019-10-16 01:09:59";NULL
"7463";"3443";"tyjh";"Taiwan";"5839";"1";NULL;NULL;"2019-10-16 01:10:49";NULL
"6850";"3447";"hhh";"India";"5845";"1";"5.0.1";"31";"2019-09-11 05:04:18";NULL
"7018";"3501";"skhkckgn";"Ecuador";"5924";"1";"5.0.1";"30";"2019-09-21 02:46:31";NULL
"7019";"3501";"skhkckgn";"Ecuador";"5924";"1";"5.0.1";"30";"2019-09-21 02:55:42";NULL
"6962";"3504";"Triaxe";"France";"5929";"1";"6.0";"34";"2019-09-18 12:44:11";NULL
"7077";"3506";"Rio Schools";"United States";"5934";"1";"6.0";"35";"2019-09-25 19:31:53";NULL
"7078";"3506";"Rio Schools";"United States";"5934";"1";"6.0";"35";"2019-09-25 19:35:23";NULL
"7084";"3506";"Rio Schools";"United States";"5934";"1";"6.0";"35";"2019-09-25 19:53:51";NULL
"7085";"3506";"Rio Schools";"United States";"5934";"1";"6.0";"35";"2019-09-25 19:55:53";NULL
"7086";"3506";"Rio Schools";"United States";"5934";"1";"6.0";"35";"2019-09-25 20:03:25";NULL
"7102";"3506";"Rio Schools";"United States";"5934";"1";"6.0";"35";"2019-09-26 20:05:41";NULL
"7133";"3506";"Rio Schools";"United States";"5934";"1";"6.0";"35";"2019-09-30 20:53:12";NULL
"7147";"3506";"Rio Schools";"United States";"5934";"1";"6.0";"35";"2019-10-01 18:49:14";NULL
"7149";"3506";"Rio Schools";"United States";"5934";"1";"6.0";"35";"2019-10-01 19:05:09";NULL
"7150";"3506";"Rio Schools";"United States";"5934";"1";"6.0";"35";"2019-10-01 19:47:46";NULL
"7168";"3506";"Rio Schools";"United States";"5934";"1";"6.0";"35";"2019-10-02 12:53:22";NULL
"7110";"3515";"BenQ";"Thailand";"5950";"1";"6.0";"73";"2019-09-27 07:25:31";NULL
"7226";"3515";"BenQ";"Thailand";"5950";"1";NULL;NULL;"2019-10-08 08:27:28";NULL
"7479";"3516";"BenQ";"Thailand";"5951";"1";"5.1.1";"17";"2019-10-17 09:44:45";NULL
"7034";"3527";"SMIKS";"Belgium";"5969";"1";"6.0";"35";"2019-09-23 15:41:38";NULL
"7045";"3535";"HCT";"United Arab Emirates";"5977";"1";"5.0.1";"38";"2019-09-24 11:00:11";NULL
"7236";"3535";"HCT";"United Arab Emirates";"5977";"1";"5.1.1";"20";"2019-10-09 08:25:16";NULL
"7257";"3535";"HCT";"United Arab Emirates";"5977";"1";"5.0.1";"38";"2019-10-13 04:06:53";NULL
"7258";"3535";"HCT";"United Arab Emirates";"5977";"1";"5.0.1";"38";"2019-10-13 04:08:44";NULL
"7259";"3535";"HCT";"United Arab Emirates";"5977";"1";"5.0.1";"38";"2019-10-13 04:09:22";NULL
"7260";"3535";"HCT";"United Arab Emirates";"5977";"1";"5.0.1";"38";"2019-10-13 04:10:26";NULL
"7261";"3535";"HCT";"United Arab Emirates";"5977";"1";"5.0.1";"38";"2019-10-13 04:13:05";NULL
"7262";"3535";"HCT";"United Arab Emirates";"5977";"1";"5.0.1";"38";"2019-10-13 04:13:36";NULL
"7263";"3535";"HCT";"United Arab Emirates";"5977";"1";"5.0.1";"38";"2019-10-13 04:14:15";NULL
"7264";"3535";"HCT";"United Arab Emirates";"5977";"1";"5.0.1";"38";"2019-10-13 04:14:58";NULL
"7265";"3535";"HCT";"United Arab Emirates";"5977";"1";"5.0.1";"38";"2019-10-13 04:15:31";NULL
"7266";"3535";"HCT";"United Arab Emirates";"5977";"1";"5.0.1";"38";"2019-10-13 04:16:06";NULL
"7267";"3535";"HCT";"United Arab Emirates";"5977";"1";"5.0.1";"38";"2019-10-13 04:16:41";NULL
"7268";"3535";"HCT";"United Arab Emirates";"5977";"1";"5.0.1";"38";"2019-10-13 04:20:52";NULL
"7269";"3535";"HCT";"United Arab Emirates";"5977";"1";"5.0.1";"38";"2019-10-13 04:21:10";NULL
"7270";"3535";"HCT";"United Arab Emirates";"5977";"1";"5.0.1";"38";"2019-10-13 04:21:32";NULL
"7271";"3535";"HCT";"United Arab Emirates";"5977";"1";NULL;NULL;"2019-10-13 04:45:53";NULL
"7272";"3535";"HCT";"United Arab Emirates";"5977";"1";"5.0.1";"38";"2019-10-13 05:00:40";NULL
"7273";"3535";"HCT";"United Arab Emirates";"5977";"1";"5.0.1";"38";"2019-10-13 05:04:12";NULL
"7274";"3535";"HCT";"United Arab Emirates";"5977";"1";"5.0.1";"38";"2019-10-13 05:05:42";NULL
"7275";"3535";"HCT";"United Arab Emirates";"5977";"1";"5.0.1";"38";"2019-10-13 07:07:30";NULL
"7276";"3535";"HCT";"United Arab Emirates";"5977";"1";"5.0.1";"38";"2019-10-13 07:08:06";NULL
"7277";"3535";"HCT";"United Arab Emirates";"5977";"1";"5.0.1";"38";"2019-10-13 07:08:26";NULL
"7278";"3535";"HCT";"United Arab Emirates";"5977";"1";"5.0.1";"38";"2019-10-13 07:09:26";NULL
"7279";"3535";"HCT";"United Arab Emirates";"5977";"1";"5.0.1";"38";"2019-10-13 07:09:45";NULL
"7280";"3535";"HCT";"United Arab Emirates";"5977";"1";"5.0.1";"38";"2019-10-13 07:10:05";NULL
"7281";"3535";"HCT";"United Arab Emirates";"5977";"1";"5.0.1";"38";"2019-10-13 07:10:29";NULL
"7282";"3535";"HCT";"United Arab Emirates";"5977";"1";"5.0.1";"38";"2019-10-13 07:10:52";NULL
"7283";"3535";"HCT";"United Arab Emirates";"5977";"1";"5.0.1";"38";"2019-10-13 07:11:18";NULL
"7284";"3535";"HCT";"United Arab Emirates";"5977";"1";"5.0.1";"38";"2019-10-13 07:11:40";NULL
"7285";"3535";"HCT";"United Arab Emirates";"5977";"1";"5.0.1";"38";"2019-10-13 07:12:00";NULL
"7286";"3535";"HCT";"United Arab Emirates";"5977";"1";"5.0.1";"38";"2019-10-13 07:12:22";NULL
"7287";"3535";"HCT";"United Arab Emirates";"5977";"1";"5.0.1";"38";"2019-10-13 07:12:43";NULL
"7288";"3535";"HCT";"United Arab Emirates";"5977";"1";"5.0.1";"38";"2019-10-13 07:13:08";NULL
"7289";"3535";"HCT";"United Arab Emirates";"5977";"1";"5.0.1";"38";"2019-10-13 07:18:37";NULL
"7290";"3535";"HCT";"United Arab Emirates";"5977";"1";"5.0.1";"38";"2019-10-13 07:18:57";NULL
"7291";"3535";"HCT";"United Arab Emirates";"5977";"1";"5.0.1";"38";"2019-10-13 07:19:20";NULL
"7292";"3535";"HCT";"United Arab Emirates";"5977";"1";"5.0.1";"38";"2019-10-13 07:23:58";NULL
"7293";"3535";"HCT";"United Arab Emirates";"5977";"1";"5.0.1";"38";"2019-10-13 07:24:51";NULL
"7294";"3535";"HCT";"United Arab Emirates";"5977";"1";"5.0.1";"38";"2019-10-13 07:25:19";NULL
"7295";"3535";"HCT";"United Arab Emirates";"5977";"1";"5.0.1";"38";"2019-10-13 07:25:42";NULL
"7296";"3535";"HCT";"United Arab Emirates";"5977";"1";"5.0.1";"38";"2019-10-13 07:26:03";NULL
"7297";"3535";"HCT";"United Arab Emirates";"5977";"1";"5.0.1";"38";"2019-10-13 07:26:23";NULL
"7298";"3535";"HCT";"United Arab Emirates";"5977";"1";"5.0.1";"38";"2019-10-13 07:26:47";NULL
"7299";"3535";"HCT";"United Arab Emirates";"5977";"1";"5.0.1";"38";"2019-10-13 07:27:07";NULL
"7300";"3535";"HCT";"United Arab Emirates";"5977";"1";"5.0.1";"38";"2019-10-13 07:27:37";NULL
"7301";"3535";"HCT";"United Arab Emirates";"5977";"1";"5.0.1";"38";"2019-10-13 07:27:58";NULL
"7302";"3535";"HCT";"United Arab Emirates";"5977";"1";"5.0.1";"38";"2019-10-13 07:28:35";NULL
"7303";"3535";"HCT";"United Arab Emirates";"5977";"1";"5.0.1";"38";"2019-10-13 07:28:55";NULL
"7304";"3535";"HCT";"United Arab Emirates";"5977";"1";"5.0.1";"38";"2019-10-13 07:29:11";NULL
"7305";"3535";"HCT";"United Arab Emirates";"5977";"1";"5.0.1";"38";"2019-10-13 07:29:30";NULL
"7307";"3535";"HCT";"United Arab Emirates";"5977";"1";"5.0.1";"38";"2019-10-13 09:22:42";NULL
"7308";"3535";"HCT";"United Arab Emirates";"5977";"1";NULL;NULL;"2019-10-13 10:43:27";NULL
"7309";"3535";"HCT";"United Arab Emirates";"5977";"1";NULL;NULL;"2019-10-13 10:44:30";NULL
"7310";"3535";"HCT";"United Arab Emirates";"5977";"1";NULL;NULL;"2019-10-13 10:44:49";NULL
"7311";"3535";"HCT";"United Arab Emirates";"5977";"1";NULL;NULL;"2019-10-13 10:45:09";NULL
"7312";"3535";"HCT";"United Arab Emirates";"5977";"1";NULL;NULL;"2019-10-13 10:45:35";NULL
"7313";"3535";"HCT";"United Arab Emirates";"5977";"1";NULL;NULL;"2019-10-13 10:47:16";NULL
"7314";"3535";"HCT";"United Arab Emirates";"5977";"1";NULL;NULL;"2019-10-13 10:48:17";NULL
"7315";"3535";"HCT";"United Arab Emirates";"5977";"1";NULL;NULL;"2019-10-13 10:48:53";NULL
"7316";"3535";"HCT";"United Arab Emirates";"5977";"1";NULL;NULL;"2019-10-13 10:49:10";NULL
"7317";"3535";"HCT";"United Arab Emirates";"5977";"1";NULL;NULL;"2019-10-13 11:30:24";NULL
"7318";"3535";"HCT";"United Arab Emirates";"5977";"1";NULL;NULL;"2019-10-13 11:31:07";NULL
"7319";"3535";"HCT";"United Arab Emirates";"5977";"1";NULL;NULL;"2019-10-13 11:32:30";NULL
"7320";"3535";"HCT";"United Arab Emirates";"5977";"1";NULL;NULL;"2019-10-13 11:33:37";NULL
"7321";"3535";"HCT";"United Arab Emirates";"5977";"1";NULL;NULL;"2019-10-13 11:39:33";NULL
"7322";"3535";"HCT";"United Arab Emirates";"5977";"1";"5.0.1";"38";"2019-10-14 03:48:52";NULL
"7323";"3535";"HCT";"United Arab Emirates";"5977";"1";NULL;NULL;"2019-10-14 03:49:17";NULL
"7324";"3535";"HCT";"United Arab Emirates";"5977";"1";NULL;NULL;"2019-10-14 03:49:39";NULL
"7325";"3535";"HCT";"United Arab Emirates";"5977";"1";NULL;NULL;"2019-10-14 03:50:06";NULL
"7326";"3535";"HCT";"United Arab Emirates";"5977";"1";NULL;NULL;"2019-10-14 03:50:25";NULL
"7327";"3535";"HCT";"United Arab Emirates";"5977";"1";NULL;NULL;"2019-10-14 03:50:44";NULL
"7328";"3535";"HCT";"United Arab Emirates";"5977";"1";NULL;NULL;"2019-10-14 03:51:06";NULL
"7329";"3535";"HCT";"United Arab Emirates";"5977";"1";NULL;NULL;"2019-10-14 03:51:32";NULL
"7330";"3535";"HCT";"United Arab Emirates";"5977";"1";NULL;NULL;"2019-10-14 03:51:54";NULL
"7331";"3535";"HCT";"United Arab Emirates";"5977";"1";NULL;NULL;"2019-10-14 03:52:14";NULL
"7332";"3535";"HCT";"United Arab Emirates";"5977";"1";NULL;NULL;"2019-10-14 03:52:31";NULL
"7333";"3535";"HCT";"United Arab Emirates";"5977";"1";NULL;NULL;"2019-10-14 03:52:49";NULL
"7334";"3535";"HCT";"United Arab Emirates";"5977";"1";NULL;NULL;"2019-10-14 03:53:08";NULL
"7335";"3535";"HCT";"United Arab Emirates";"5977";"1";NULL;NULL;"2019-10-14 03:53:26";NULL
"7336";"3535";"HCT";"United Arab Emirates";"5977";"1";NULL;NULL;"2019-10-14 03:53:49";NULL
"7337";"3535";"HCT";"United Arab Emirates";"5977";"1";NULL;NULL;"2019-10-14 03:54:10";NULL
"7338";"3535";"HCT";"United Arab Emirates";"5977";"1";NULL;NULL;"2019-10-14 03:54:29";NULL
"7339";"3535";"HCT";"United Arab Emirates";"5977";"1";NULL;NULL;"2019-10-14 03:54:47";NULL
"7340";"3535";"HCT";"United Arab Emirates";"5977";"1";NULL;NULL;"2019-10-14 03:55:15";NULL
"7341";"3535";"HCT";"United Arab Emirates";"5977";"1";NULL;NULL;"2019-10-14 03:55:31";NULL
"7342";"3535";"HCT";"United Arab Emirates";"5977";"1";NULL;NULL;"2019-10-14 03:56:06";NULL
"7343";"3535";"HCT";"United Arab Emirates";"5977";"1";NULL;NULL;"2019-10-14 03:56:24";NULL
"7344";"3535";"HCT";"United Arab Emirates";"5977";"1";NULL;NULL;"2019-10-14 03:56:43";NULL
"7345";"3535";"HCT";"United Arab Emirates";"5977";"1";NULL;NULL;"2019-10-14 03:57:02";NULL
"7346";"3535";"HCT";"United Arab Emirates";"5977";"1";NULL;NULL;"2019-10-14 03:57:25";NULL
"7347";"3535";"HCT";"United Arab Emirates";"5977";"1";NULL;NULL;"2019-10-14 03:57:44";NULL
"7348";"3535";"HCT";"United Arab Emirates";"5977";"1";NULL;NULL;"2019-10-14 03:58:02";NULL
"7349";"3535";"HCT";"United Arab Emirates";"5977";"1";NULL;NULL;"2019-10-14 03:58:22";NULL
"7350";"3535";"HCT";"United Arab Emirates";"5977";"1";NULL;NULL;"2019-10-14 03:58:46";NULL
"7351";"3535";"HCT";"United Arab Emirates";"5977";"1";NULL;NULL;"2019-10-14 03:59:06";NULL
"7352";"3535";"HCT";"United Arab Emirates";"5977";"1";NULL;NULL;"2019-10-14 03:59:28";NULL
"7353";"3535";"HCT";"United Arab Emirates";"5977";"1";NULL;NULL;"2019-10-14 03:59:48";NULL
"7354";"3535";"HCT";"United Arab Emirates";"5977";"1";NULL;NULL;"2019-10-14 04:00:12";NULL
"7355";"3535";"HCT";"United Arab Emirates";"5977";"1";"5.0.1";"38";"2019-10-14 04:00:36";NULL
"7356";"3535";"HCT";"United Arab Emirates";"5977";"1";NULL;NULL;"2019-10-14 04:00:58";NULL
"7357";"3535";"HCT";"United Arab Emirates";"5977";"1";"5.0.1";"38";"2019-10-14 04:03:56";NULL
"7358";"3535";"HCT";"United Arab Emirates";"5977";"1";"5.0.1";"38";"2019-10-14 04:09:21";NULL
"7359";"3535";"HCT";"United Arab Emirates";"5977";"1";"5.0.1";"38";"2019-10-14 04:09:36";NULL
"7360";"3535";"HCT";"United Arab Emirates";"5977";"1";"5.0.1";"38";"2019-10-14 04:10:00";NULL
"7361";"3535";"HCT";"United Arab Emirates";"5977";"1";"5.0.1";"38";"2019-10-14 04:10:20";NULL
"7362";"3535";"HCT";"United Arab Emirates";"5977";"1";"5.0.1";"38";"2019-10-14 04:10:34";NULL
"7363";"3535";"HCT";"United Arab Emirates";"5977";"1";"5.0.1";"38";"2019-10-14 04:11:15";NULL
"7364";"3535";"HCT";"United Arab Emirates";"5977";"1";"5.0.1";"38";"2019-10-14 04:11:45";NULL
"7365";"3535";"HCT";"United Arab Emirates";"5977";"1";"5.0.1";"38";"2019-10-14 04:13:26";NULL
"7366";"3535";"HCT";"United Arab Emirates";"5977";"1";"5.0.1";"38";"2019-10-14 04:15:04";NULL
"7367";"3535";"HCT";"United Arab Emirates";"5977";"1";"5.0.1";"38";"2019-10-14 04:15:33";NULL
"7368";"3535";"HCT";"United Arab Emirates";"5977";"1";"5.0.1";"38";"2019-10-14 04:16:06";NULL
"7369";"3535";"HCT";"United Arab Emirates";"5977";"1";"5.0.1";"38";"2019-10-14 04:16:34";NULL
"7370";"3535";"HCT";"United Arab Emirates";"5977";"1";"5.0.1";"38";"2019-10-14 04:16:52";NULL
"7371";"3535";"HCT";"United Arab Emirates";"5977";"1";"5.0.1";"38";"2019-10-14 04:17:08";NULL
"7372";"3535";"HCT";"United Arab Emirates";"5977";"1";"5.0.1";"38";"2019-10-14 04:17:23";NULL
"7373";"3535";"HCT";"United Arab Emirates";"5977";"1";"5.0.1";"38";"2019-10-14 04:17:42";NULL
"7374";"3535";"HCT";"United Arab Emirates";"5977";"1";"5.0.1";"38";"2019-10-14 04:18:01";NULL
"7375";"3535";"HCT";"United Arab Emirates";"5977";"1";"5.0.1";"38";"2019-10-14 04:18:17";NULL
"7376";"3535";"HCT";"United Arab Emirates";"5977";"1";"5.0.1";"38";"2019-10-14 04:18:33";NULL
"7377";"3535";"HCT";"United Arab Emirates";"5977";"1";"5.0.1";"38";"2019-10-14 04:19:18";NULL
"7378";"3535";"HCT";"United Arab Emirates";"5977";"1";"5.0.1";"38";"2019-10-14 04:19:49";NULL
"7379";"3535";"HCT";"United Arab Emirates";"5977";"1";"5.0.1";"38";"2019-10-14 04:20:23";NULL
"7380";"3535";"HCT";"United Arab Emirates";"5977";"1";"5.0.1";"38";"2019-10-14 04:21:28";NULL
"7381";"3535";"HCT";"United Arab Emirates";"5977";"1";"5.0.1";"38";"2019-10-14 04:21:44";NULL
"7382";"3535";"HCT";"United Arab Emirates";"5977";"1";"5.0.1";"38";"2019-10-14 04:22:05";NULL
"7383";"3535";"HCT";"United Arab Emirates";"5977";"1";"5.0.1";"38";"2019-10-14 04:22:20";NULL
"7384";"3535";"HCT";"United Arab Emirates";"5977";"1";"5.0.1";"38";"2019-10-14 04:22:38";NULL
"7385";"3535";"HCT";"United Arab Emirates";"5977";"1";"5.0.1";"38";"2019-10-14 04:22:53";NULL
"7386";"3535";"HCT";"United Arab Emirates";"5977";"1";"5.0.1";"38";"2019-10-14 04:23:13";NULL
"7387";"3535";"HCT";"United Arab Emirates";"5977";"1";"5.0.1";"38";"2019-10-14 04:23:29";NULL
"7388";"3535";"HCT";"United Arab Emirates";"5977";"1";"5.0.1";"38";"2019-10-14 04:23:44";NULL
"7389";"3535";"HCT";"United Arab Emirates";"5977";"1";"5.0.1";"38";"2019-10-14 04:23:59";NULL
"7390";"3535";"HCT";"United Arab Emirates";"5977";"1";"5.0.1";"38";"2019-10-14 04:24:14";NULL
"7391";"3535";"HCT";"United Arab Emirates";"5977";"1";"5.0.1";"38";"2019-10-14 04:24:29";NULL
"7392";"3535";"HCT";"United Arab Emirates";"5977";"1";"5.0.1";"38";"2019-10-14 04:24:43";NULL
"7393";"3535";"HCT";"United Arab Emirates";"5977";"1";"5.0.1";"38";"2019-10-14 04:24:58";NULL
"7394";"3535";"HCT";"United Arab Emirates";"5977";"1";"5.0.1";"38";"2019-10-14 04:25:13";NULL
"7395";"3535";"HCT";"United Arab Emirates";"5977";"1";"5.0.1";"38";"2019-10-14 04:25:27";NULL
"7097";"3541";"neoway";"Taiwan";"5983";"1";"5.1.1";"20";"2019-09-26 06:38:52";NULL
"7099";"3541";"neoway";"Taiwan";"5983";"1";"5.1.1";"20";"2019-09-26 06:39:42";NULL
"7073";"3547";"Wawasee High Sch";"United States";"5991";"1";"5.1.1";"18";"2019-09-25 15:28:49";NULL
"7076";"3548";"MCPASD";"United States";"5992";"1";"6.0";"35";"2019-09-25 19:25:15";NULL
"7088";"3549";"MMT";"Australia";"5995";"1";"6.0";"34";"2019-09-26 01:06:40";NULL
"7091";"3552";"BenQ";"United States";"5998";"1";"6.0";"35";"2019-09-26 04:33:58";NULL
"7131";"3558";"WPSD1";"United States";"6006";"1";"6.0";"35";"2019-09-30 18:05:21";NULL
"7132";"3558";"WPSD1";"United States";"6006";"1";"6.0";"35";"2019-09-30 20:13:30";NULL
"7175";"3558";"WPSD1";"United States";"6006";"1";"6.0";"35";"2019-10-02 19:21:18";NULL
"7193";"3558";"WPSD1";"United States";"6006";"1";"6.0";"34";"2019-10-03 20:32:39";NULL
"7210";"3558";"WPSD1";"United States";"6006";"1";"6.0";"35";"2019-10-04 16:38:03";NULL
"7123";"3569";"Dove Green SCH";"United Arab Emirates";"6025";"1";"5.1.1";"19";"2019-09-29 10:55:35";NULL
"7161";"3579";"Dirjen Hubud";"Indonesia";"6042";"1";"6.0";"34";"2019-10-02 04:59:34";NULL
"7169";"3582";"GEMS OIS";"United Arab Emirates";"6047";"1";"5.1.1";"19";"2019-10-02 13:32:36";NULL
"7183";"3589";"DPS-Monarch";"Qatar";"6064";"1";"5.1.1";"19";"2019-10-03 08:24:22";NULL
"7217";"3603";"SFG";"United States";"6085";"1";"5.1.1";"18";"2019-10-07 18:14:15";NULL
"7216";"3605";"Alpatech S.A.C";"Peru";"6087";"1";"6.0";"35";"2019-10-07 17:30:43";NULL
"7223";"3609";"HCT";"United Arab Emirates";"6091";"1";"5.0.1";"38";"2019-10-08 06:48:36";NULL
"7230";"3613";"NYCDOE";"United States";"6099";"1";"6.0";"34";"2019-10-08 17:50:52";NULL
"7482";"3622";"HCT";"United Arab Emirates";"6110";"1";NULL;NULL;"2019-10-17 12:10:53";NULL
"7411";"3635";"Menahga Schools";"United States";"6127";"1";"6.0";"36";"2019-10-14 18:56:42";NULL
"7412";"3635";"Menahga Schools";"United States";"6127";"1";"6.0";"35";"2019-10-14 19:24:13";NULL
"7413";"3635";"Menahga Schools";"United States";"6127";"1";"6.0";"35";"2019-10-14 19:33:23";NULL
"7414";"3635";"Menahga Schools";"United States";"6127";"1";"6.0";"34";"2019-10-14 19:59:41";NULL
"7415";"3635";"Menahga Schools";"United States";"6127";"1";"6.0";"36";"2019-10-14 20:22:31";NULL
"7416";"3635";"Menahga Schools";"United States";"6127";"1";"6.0";"36";"2019-10-14 20:32:01";NULL
"7417";"3635";"Menahga Schools";"United States";"6127";"1";"6.0";"36";"2019-10-14 20:40:44";NULL
"7422";"3635";"Menahga Schools";"United States";"6127";"1";"6.0";"35";"2019-10-14 21:50:49";NULL
"7423";"3635";"Menahga Schools";"United States";"6127";"1";"6.0";"34";"2019-10-14 22:00:38";NULL
"7424";"3635";"Menahga Schools";"United States";"6127";"1";"6.0";"35";"2019-10-14 22:26:22";NULL
"7425";"3635";"Menahga Schools";"United States";"6127";"1";"6.0";"36";"2019-10-14 22:35:24";NULL
"7426";"3635";"Menahga Schools";"United States";"6127";"1";"6.0";"36";"2019-10-14 22:49:16";NULL
"7427";"3635";"Menahga Schools";"United States";"6127";"1";"6.0";"36";"2019-10-14 22:56:10";NULL
"7428";"3635";"Menahga Schools";"United States";"6127";"1";"6.0";"36";"2019-10-14 23:04:01";NULL
"7429";"3635";"Menahga Schools";"United States";"6127";"1";"6.0";"36";"2019-10-14 23:12:56";NULL
"7430";"3635";"Menahga Schools";"United States";"6127";"1";"6.0";"36";"2019-10-14 23:18:48";NULL
"7431";"3635";"Menahga Schools";"United States";"6127";"1";"6.0";"36";"2019-10-14 23:24:37";NULL
"7432";"3635";"Menahga Schools";"United States";"6127";"1";"6.0";"36";"2019-10-14 23:28:34";NULL
"7433";"3635";"Menahga Schools";"United States";"6127";"1";"6.0";"34";"2019-10-14 23:43:44";NULL
"7399";"3641";"Four Square Bh";"Bahrain";"6133";"1";"5.1.1";"17";"2019-10-14 07:16:57";NULL
"7471";"3658";"育仁國小";"Taiwan";"6177";"1";"6.0";"34";"2019-10-16 09:04:45";NULL
