"id","company_id","name","com_name","group_id","is_ifp","player_os_version","model_id","model_name","created_at"
"6420","585","BET","Taiwan","861","1","8.0.0","61","RM7502K","2019-08-12 02:35:49"
"5971","629","HCS Interactief","Netherlands","945","1","6.0","35","RP7501K","2019-07-13 08:53:30"
"5685","1214","Bekdata","Turkey","2265","1","5.1.1","19","RP750K","2019-06-24 07:55:24"
"6492","1214","Bekdata","Turkey","2265","1","5.1.1","17","RP654K","2019-08-15 08:52:48"
"7238","1214","Bekdata","Turkey","2265","1","5.1.1","19","RP750K","2019-10-09 10:44:18"
"5321","1318","Kankakee SD 111","United States","2465","1","5.1.1","19","RP750K","2019-05-17 21:41:45"
"5664","1408","新向系統","Taiwan","2643","1","5.1.1","17","RP654K","2019-06-21 06:29:13"
"6807","1586","EASC","Hong Kong","3026","1","6.0","34","RP6501K","2019-09-06 08:57:56"
"6973","1586","EASC","Hong Kong","3026","1","8.0.0","61","RM7502K","2019-09-19 09:34:55"
"5255","1740","Ipswich Girls' G","Australia","3091","1","5.1.1","20","RP860K","2019-05-15 01:14:14"
"6032","1886","Soluciones en li","Mexico","3224","1","6.0","34","RP6501K","2019-07-18 18:28:06"
"4943","1900","Alloys","Australia","3255","1","6.0","34","RP6501K","2019-04-11 04:24:05"
"6195","1905","PPHS","United States","3264","1","6.0","35","RP7501K","2019-07-31 14:14:56"
"5064","1953","English College","United Arab Emirates","3352","1","5.1.1","17","RP654K","2019-04-29 08:32:26"
"5088","1953","English College","United Arab Emirates","3352","1","5.1.1","17","RP654K","2019-05-02 05:17:46"
"5089","1953","English College","United Arab Emirates","3352","1","5.1.1","17","RP654K","2019-05-02 05:18:14"
"5090","1953","English College","United Arab Emirates","3352","1",NULL,NULL,NULL,"2019-05-02 05:18:49"
"5091","1953","English College","United Arab Emirates","3352","1","5.1.1","17","RP654K","2019-05-02 05:19:16"
"5092","1953","English College","United Arab Emirates","3352","1","5.1.1","17","RP654K","2019-05-02 05:19:46"
"5093","1953","English College","United Arab Emirates","3352","1","5.1.1","17","RP654K","2019-05-02 05:20:11"
"5094","1953","English College","United Arab Emirates","3352","1","5.1.1","19","RP750K","2019-05-02 05:20:32"
"5095","1953","English College","United Arab Emirates","3352","1","5.1.1","17","RP654K","2019-05-02 05:20:54"
"5096","1953","English College","United Arab Emirates","3352","1","5.1.1","17","RP654K","2019-05-02 05:21:42"
"5097","1953","English College","United Arab Emirates","3352","1","5.1.1","19","RP750K","2019-05-02 05:22:09"
"5098","1953","English College","United Arab Emirates","3352","1","5.1.1","17","RP654K","2019-05-02 05:22:37"
"5099","1953","English College","United Arab Emirates","3352","1","5.1.1","17","RP654K","2019-05-02 05:23:03"
"5100","1953","English College","United Arab Emirates","3352","1",NULL,NULL,NULL,"2019-05-02 05:23:26"
"5101","1953","English College","United Arab Emirates","3352","1",NULL,NULL,NULL,"2019-05-02 05:23:49"
"5102","1953","English College","United Arab Emirates","3352","1",NULL,NULL,NULL,"2019-05-02 05:25:07"
"5103","1953","English College","United Arab Emirates","3352","1",NULL,NULL,NULL,"2019-05-02 05:25:30"
"5104","1953","English College","United Arab Emirates","3352","1","5.1.1","17","RP654K","2019-05-02 05:25:49"
"5105","1953","English College","United Arab Emirates","3352","1",NULL,NULL,NULL,"2019-05-02 05:26:42"
"5106","1953","English College","United Arab Emirates","3352","1","5.1.1","17","RP654K","2019-05-02 05:27:53"
"5107","1953","English College","United Arab Emirates","3352","1","5.1.1","17","RP654K","2019-05-02 05:28:22"
"5108","1953","English College","United Arab Emirates","3352","1",NULL,NULL,NULL,"2019-05-02 05:28:49"
"5109","1953","English College","United Arab Emirates","3352","1","5.1.1","17","RP654K","2019-05-02 05:29:09"
"5110","1953","English College","United Arab Emirates","3352","1","5.1.1","17","RP654K","2019-05-02 05:29:33"
"5111","1953","English College","United Arab Emirates","3352","1","5.1.1","17","RP654K","2019-05-02 05:29:52"
"5112","1953","English College","United Arab Emirates","3352","1",NULL,NULL,NULL,"2019-05-02 05:30:19"
"5113","1953","English College","United Arab Emirates","3352","1",NULL,NULL,NULL,"2019-05-02 05:30:40"
"5114","1953","English College","United Arab Emirates","3352","1",NULL,NULL,NULL,"2019-05-02 05:30:58"
"5115","1953","English College","United Arab Emirates","3352","1","5.1.1","17","RP654K","2019-05-02 08:28:52"
"5116","1953","English College","United Arab Emirates","3352","1","5.1.1","17","RP654K","2019-05-02 08:33:41"
"6007","1965","Robert College","Turkey","3371","1","5.1.1","19","RP750K","2019-07-17 08:42:44"
"6008","1965","Robert College","Turkey","3371","1","5.1.1","19","RP750K","2019-07-17 09:06:12"
"6646","1965","Robert College","Turkey","3371","1","5.1.1","19","RP750K","2019-08-27 11:42:47"
"6671","1965","Robert College","Turkey","3371","1","5.1.1","19","RP750K","2019-08-29 06:45:11"
"6672","1965","Robert College","Turkey","3371","1","5.1.1","19","RP750K","2019-08-29 06:52:55"
"6673","1965","Robert College","Turkey","3371","1","5.1.1","19","RP750K","2019-08-29 07:01:28"
"6674","1965","Robert College","Turkey","3371","1","5.1.1","19","RP750K","2019-08-29 07:07:54"
"6675","1965","Robert College","Turkey","3371","1","5.1.1","19","RP750K","2019-08-29 07:14:21"
"6676","1965","Robert College","Turkey","3371","1","5.1.1","19","RP750K","2019-08-29 07:34:10"
"6677","1965","Robert College","Turkey","3371","1","5.1.1","19","RP750K","2019-08-29 08:09:54"
"6678","1965","Robert College","Turkey","3371","1","5.1.1","19","RP750K","2019-08-29 08:14:23"
"6680","1965","Robert College","Turkey","3371","1","5.1.1","19","RP750K","2019-08-29 08:20:11"
"6720","1965","Robert College","Turkey","3371","1","5.1.1","19","RP750K","2019-09-03 08:03:02"
"6721","1965","Robert College","Turkey","3371","1","5.1.1","19","RP750K","2019-09-03 08:08:24"
"6722","1965","Robert College","Turkey","3371","1","5.1.1","19","RP750K","2019-09-03 08:11:50"
"6723","1965","Robert College","Turkey","3371","1","5.1.1","19","RP750K","2019-09-03 08:15:33"
"6724","1965","Robert College","Turkey","3371","1","5.1.1","19","RP750K","2019-09-03 08:22:56"
"6725","1965","Robert College","Turkey","3371","1","5.1.1","19","RP750K","2019-09-03 08:26:59"
"6727","1965","Robert College","Turkey","3371","1","5.1.1","19","RP750K","2019-09-03 08:30:53"
"6728","1965","Robert College","Turkey","3371","1","5.1.1","19","RP750K","2019-09-03 08:34:11"
"6730","1965","Robert College","Turkey","3371","1","5.1.1","19","RP750K","2019-09-03 08:41:54"
"6731","1965","Robert College","Turkey","3371","1","5.1.1","19","RP750K","2019-09-03 08:45:50"
"6733","1965","Robert College","Turkey","3371","1","5.1.1","19","RP750K","2019-09-03 08:50:27"
"6735","1965","Robert College","Turkey","3371","1","5.1.1","19","RP750K","2019-09-03 08:52:53"
"6737","1965","Robert College","Turkey","3371","1","5.1.1","19","RP750K","2019-09-03 08:57:16"
"6738","1965","Robert College","Turkey","3371","1","5.1.1","19","RP750K","2019-09-03 09:02:42"
"6739","1965","Robert College","Turkey","3371","1","5.1.1","19","RP750K","2019-09-03 09:06:46"
"6743","1965","Robert College","Turkey","3371","1","5.1.1","19","RP750K","2019-09-03 09:24:50"
"6746","1965","Robert College","Turkey","3371","1","5.1.1","19","RP750K","2019-09-03 11:32:08"
"6747","1965","Robert College","Turkey","3371","1","5.1.1","19","RP750K","2019-09-03 11:35:09"
"6748","1965","Robert College","Turkey","3371","1","5.1.1","19","RP750K","2019-09-03 11:41:03"
"6772","1965","Robert College","Turkey","3371","1","5.1.1","19","RP750K","2019-09-04 06:00:20"
"6773","1965","Robert College","Turkey","3371","1","5.1.1","19","RP750K","2019-09-04 06:10:03"
"6774","1965","Robert College","Turkey","3371","1","5.1.1","19","RP750K","2019-09-04 06:15:33"
"6775","1965","Robert College","Turkey","3371","1","5.1.1","19","RP750K","2019-09-04 06:31:51"
"6776","1965","Robert College","Turkey","3371","1","5.1.1","19","RP750K","2019-09-04 06:49:26"
"6989","1965","Robert College","Turkey","3371","1","5.1.1","19","RP750K","2019-09-20 06:11:32"
"6991","1965","Robert College","Turkey","3371","1","5.1.1","19","RP750K","2019-09-20 06:20:57"
"6992","1965","Robert College","Turkey","3371","1","5.1.1","19","RP750K","2019-09-20 07:08:50"
"6993","1965","Robert College","Turkey","3371","1","5.1.1","19","RP750K","2019-09-20 07:11:22"
"6995","1965","Robert College","Turkey","3371","1","5.1.1","19","RP750K","2019-09-20 07:19:47"
"6996","1965","Robert College","Turkey","3371","1","5.1.1","19","RP750K","2019-09-20 07:22:20"
"6998","1965","Robert College","Turkey","3371","1","5.1.1","19","RP750K","2019-09-20 07:31:38"
"6999","1965","Robert College","Turkey","3371","1","5.1.1","19","RP750K","2019-09-20 07:37:11"
"7001","1965","Robert College","Turkey","3371","1","5.1.1","19","RP750K","2019-09-20 07:41:46"
"7003","1965","Robert College","Turkey","3371","1","5.1.1","19","RP750K","2019-09-20 08:04:11"
"7005","1965","Robert College","Turkey","3371","1","5.1.1","19","RP750K","2019-09-20 08:10:17"
"7007","1965","Robert College","Turkey","3371","1","5.1.1","19","RP750K","2019-09-20 08:46:11"
"7008","1965","Robert College","Turkey","3371","1","5.1.1","19","RP750K","2019-09-20 08:48:38"
"7009","1965","Robert College","Turkey","3371","1","5.1.1","19","RP750K","2019-09-20 09:01:40"
"7010","1965","Robert College","Turkey","3371","1","5.1.1","19","RP750K","2019-09-20 12:37:32"
"7011","1965","Robert College","Turkey","3371","1","5.1.1","19","RP750K","2019-09-20 12:50:12"
"7012","1965","Robert College","Turkey","3371","1","5.1.1","19","RP750K","2019-09-20 12:57:14"
"7013","1965","Robert College","Turkey","3371","1","5.1.1","19","RP750K","2019-09-20 13:01:18"
"6875","1967","The Aquila Schoo","United Arab Emirates","3376","1","5.1.1","19","RP750K","2019-09-11 08:16:04"
"4226","2042","Camcor","United States","3497","1","6.0","34","RP6501K","2019-01-22 03:31:16"
"4701","2042","Camcor","United States","3497","1","5.1.1","17","RP654K","2019-03-11 13:17:51"
"3591","2080","X-Sign_1002 Co.","Taiwan","3555","1","5.0.1","33","RM8601K","2018-10-30 01:44:13"
"3592","2080","X-Sign_1002 Co.","Taiwan","3555","1","5.0.1","31","RM6501K","2018-10-30 01:52:31"
"3986","2080","X-Sign_1002 Co.","Taiwan","3555","1","5.1.1","18","RP704K","2018-12-19 01:55:06"
"4852","2080","X-Sign_1002 Co.","Taiwan","3555","1","6.0","34","RP6501K","2019-03-29 10:20:30"
"4864","2080","X-Sign_1002 Co.","Taiwan","3555","1","6.0","34","RP6501K","2019-04-01 01:43:36"
"4870","2080","X-Sign_1002 Co.","Taiwan","3555","1","6.0","34","RP6501K","2019-04-01 02:53:25"
"6417","2080","X-Sign_1002 Co.","Taiwan","3555","1","8.0.0","61","RM7502K","2019-08-12 01:58:03"
"6421","2080","X-Sign_1002 Co.","Taiwan","3555","1","6.0","35","RP7501K","2019-08-12 02:57:59"
"6566","2080","X-Sign_1002 Co.","Taiwan","3555","1","6.0","73","E800ST","2019-08-21 06:33:20"
"6569","2080","X-Sign_1002 Co.","Taiwan","3555","1","6.0","73","E800ST","2019-08-21 07:27:49"
"6592","2080","X-Sign_1002 Co.","Taiwan","3555","1","6.0","73","E800ST","2019-08-22 08:25:35"
"6612","2080","X-Sign_1002 Co.","Taiwan","3555","1","6.0","73","E800ST","2019-08-23 07:46:17"
"6855","2080","X-Sign_1002 Co.","Taiwan","3555","1","6.0","35","RP7501K","2019-09-11 05:28:00"
"4348","2174","Dunecrest","United Arab Emirates","3692","1","5.1.1","19","RP750K","2019-02-03 12:01:46"
"4440","2174","Dunecrest","United Arab Emirates","3692","1","5.1.1","19","RP750K","2019-02-17 07:17:46"
"4442","2174","Dunecrest","United Arab Emirates","3692","1","5.1.1","19","RP750K","2019-02-17 08:24:13"
"4674","2174","Dunecrest","United Arab Emirates","3692","1","5.1.1","19","RP750K","2019-03-10 11:14:51"
"4675","2174","Dunecrest","United Arab Emirates","3692","1","5.1.1","19","RP750K","2019-03-10 11:16:00"
"4676","2174","Dunecrest","United Arab Emirates","3692","1","5.1.1","19","RP750K","2019-03-10 11:20:54"
"4677","2174","Dunecrest","United Arab Emirates","3692","1","5.1.1","19","RP750K","2019-03-10 11:22:39"
"4679","2174","Dunecrest","United Arab Emirates","3692","1","5.1.1","19","RP750K","2019-03-10 11:26:03"
"4681","2174","Dunecrest","United Arab Emirates","3692","1","5.1.1","17","RP654K","2019-03-10 11:30:56"
"4682","2174","Dunecrest","United Arab Emirates","3692","1","5.1.1","19","RP750K","2019-03-10 11:32:38"
"4683","2174","Dunecrest","United Arab Emirates","3692","1","5.1.1","19","RP750K","2019-03-10 11:34:46"
"4684","2174","Dunecrest","United Arab Emirates","3692","1","5.1.1","19","RP750K","2019-03-10 11:36:38"
"4685","2174","Dunecrest","United Arab Emirates","3692","1","5.1.1","19","RP750K","2019-03-10 11:40:59"
"4686","2174","Dunecrest","United Arab Emirates","3692","1","5.1.1","19","RP750K","2019-03-10 11:42:47"
"4687","2174","Dunecrest","United Arab Emirates","3692","1","5.1.1","19","RP750K","2019-03-10 11:44:17"
"4691","2174","Dunecrest","United Arab Emirates","3692","1","5.1.1","19","RP750K","2019-03-10 11:56:49"
"4693","2174","Dunecrest","United Arab Emirates","3692","1","5.1.1","19","RP750K","2019-03-10 12:02:19"
"4694","2174","Dunecrest","United Arab Emirates","3692","1","5.1.1","17","RP654K","2019-03-10 12:13:40"
"4695","2174","Dunecrest","United Arab Emirates","3692","1","5.1.1","19","RP750K","2019-03-10 12:16:01"
"4696","2174","Dunecrest","United Arab Emirates","3692","1","5.1.1","19","RP750K","2019-03-10 12:17:21"
"5141","2174","Dunecrest","United Arab Emirates","3692","1","5.1.1","19","RP750K","2019-05-05 10:48:31"
"5142","2174","Dunecrest","United Arab Emirates","3692","1","5.1.1","19","RP750K","2019-05-05 11:32:25"
"5143","2174","Dunecrest","United Arab Emirates","3692","1","5.1.1","19","RP750K","2019-05-05 11:39:30"
"5144","2174","Dunecrest","United Arab Emirates","3692","1","5.1.1","19","RP750K","2019-05-05 12:00:59"
"5145","2174","Dunecrest","United Arab Emirates","3692","1","5.1.1","19","RP750K","2019-05-05 12:02:28"
"5148","2174","Dunecrest","United Arab Emirates","3692","1","5.1.1","19","RP750K","2019-05-05 12:08:45"
"5153","2174","Dunecrest","United Arab Emirates","3692","1","5.1.1","19","RP750K","2019-05-06 02:53:44"
"5154","2174","Dunecrest","United Arab Emirates","3692","1","5.1.1","19","RP750K","2019-05-06 03:33:22"
"5279","2174","Dunecrest","United Arab Emirates","3692","1","5.1.1","19","RP750K","2019-05-16 06:16:12"
"5286","2174","Dunecrest","United Arab Emirates","3692","1","5.1.1","19","RP750K","2019-05-16 08:50:05"
"5294","2174","Dunecrest","United Arab Emirates","3692","1","5.1.1","19","RP750K","2019-05-16 09:50:14"
"5295","2174","Dunecrest","United Arab Emirates","3692","1","5.1.1","19","RP750K","2019-05-16 09:51:25"
"5296","2174","Dunecrest","United Arab Emirates","3692","1","5.1.1","19","RP750K","2019-05-16 09:54:07"
"5297","2174","Dunecrest","United Arab Emirates","3692","1","5.1.1","19","RP750K","2019-05-16 09:54:35"
"5382","2174","Dunecrest","United Arab Emirates","3692","1","5.1.1","19","RP750K","2019-05-27 03:57:08"
"4549","2320","Creanet I.S. AG","Switzerland","3916","1","6.0","35","RP7501K","2019-02-28 17:10:08"
"5378","2355","EDICO","Hong Kong","3977","1","5.1.1","19","RP750K","2019-05-25 02:35:13"
"5530","2366","BG Innovations","United States","4016","1","6.0","34","RP6501K","2019-06-11 18:05:39"
"5189","2367","Tserlin Pty Ltd","Australia","4017","1","6.0","34","RP6501K","2019-05-08 03:56:43"
"4016","2400","台中市溪南國中","Taiwan","4075","1","5.0.1","37","RP755S","2018-12-25 01:26:45"
"4018","2400","台中市溪南國中","Taiwan","4075","1","5.0.1","37","RP755S","2018-12-25 01:38:44"
"4019","2400","台中市溪南國中","Taiwan","4075","1","5.0.1","37","RP755S","2018-12-25 01:39:10"
"4024","2400","台中市溪南國中","Taiwan","4075","1","5.0.1","37","RP755S","2018-12-25 07:13:57"
"6985","2400","台中市溪南國中","Taiwan","4075","1",NULL,NULL,NULL,"2019-09-20 01:58:42"
"6986","2400","台中市溪南國中","Taiwan","4075","1",NULL,NULL,NULL,"2019-09-20 01:59:10"
"6987","2400","台中市溪南國中","Taiwan","4075","1",NULL,NULL,NULL,"2019-09-20 01:59:34"
"6988","2400","台中市溪南國中","Taiwan","4075","1","5.1.1","19","RP750K","2019-09-20 01:59:56"
"4483","2489","NJSD","United States","4226","1","5.1.1","18","RP704K","2019-02-22 17:51:36"
"4501","2489","NJSD","United States","4226","1","5.1.1","18","RP704K","2019-02-25 17:36:15"
"4410","2544","Schoolhouse","United States","4343","1","6.0","35","RP7501K","2019-02-12 19:46:06"
"4921","2555","CSCG","CANADA","4360","1","6.0","35","RP7501K","2019-04-08 19:57:41"
"4422","2556","Computer Allianc","Australia","4361","1","6.0","34","RP6501K","2019-02-14 05:47:27"
"4461","2587","Alloys","Australia","4419","1","6.0","34","RP6501K","2019-02-19 23:49:47"
"4474","2591","臺北市仁愛國中","Taiwan","4430","1","5.1.1","20","RP860K","2019-02-22 06:54:05"
"4555","2591","臺北市仁愛國中","Taiwan","4430","1","5.1.1","20","RP860K","2019-03-02 02:59:08"
"4556","2591","臺北市仁愛國中","Taiwan","4430","1","5.1.1","20","RP860K","2019-03-02 03:07:04"
"4557","2591","臺北市仁愛國中","Taiwan","4430","1","5.1.1","20","RP860K","2019-03-02 03:17:08"
"4558","2591","臺北市仁愛國中","Taiwan","4430","1","5.1.1","20","RP860K","2019-03-02 03:23:14"
"4559","2591","臺北市仁愛國中","Taiwan","4430","1","5.1.1","20","RP860K","2019-03-02 03:29:59"
"4560","2591","臺北市仁愛國中","Taiwan","4430","1","5.1.1","20","RP860K","2019-03-02 03:41:17"
"4561","2591","臺北市仁愛國中","Taiwan","4430","1","5.1.1","20","RP860K","2019-03-02 03:44:08"
"4562","2591","臺北市仁愛國中","Taiwan","4430","1","5.1.1","20","RP860K","2019-03-02 04:02:04"
"4563","2591","臺北市仁愛國中","Taiwan","4430","1","5.1.1","20","RP860K","2019-03-02 04:39:21"
"4564","2591","臺北市仁愛國中","Taiwan","4430","1","5.1.1","20","RP860K","2019-03-02 04:51:49"
"4565","2591","臺北市仁愛國中","Taiwan","4430","1","5.1.1","20","RP860K","2019-03-02 05:00:00"
"4566","2591","臺北市仁愛國中","Taiwan","4430","1","5.1.1","20","RP860K","2019-03-02 05:12:42"
"4567","2591","臺北市仁愛國中","Taiwan","4430","1","5.1.1","20","RP860K","2019-03-02 06:26:01"
"4568","2591","臺北市仁愛國中","Taiwan","4430","1","5.1.1","20","RP860K","2019-03-02 06:36:31"
"4569","2591","臺北市仁愛國中","Taiwan","4430","1","5.1.1","20","RP860K","2019-03-02 06:43:52"
"4570","2591","臺北市仁愛國中","Taiwan","4430","1","5.1.1","20","RP860K","2019-03-02 06:53:31"
"4571","2591","臺北市仁愛國中","Taiwan","4430","1","5.1.1","20","RP860K","2019-03-02 07:02:14"
"4572","2591","臺北市仁愛國中","Taiwan","4430","1","5.1.1","20","RP860K","2019-03-02 07:10:16"
"4573","2591","臺北市仁愛國中","Taiwan","4430","1","5.1.1","20","RP860K","2019-03-02 07:21:31"
"4574","2591","臺北市仁愛國中","Taiwan","4430","1","5.1.1","20","RP860K","2019-03-02 07:33:30"
"4575","2591","臺北市仁愛國中","Taiwan","4430","1","5.1.1","20","RP860K","2019-03-02 07:46:32"
"4576","2591","臺北市仁愛國中","Taiwan","4430","1","5.1.1","20","RP860K","2019-03-02 07:57:18"
"4577","2591","臺北市仁愛國中","Taiwan","4430","1","5.1.1","20","RP860K","2019-03-02 08:05:39"
"4578","2591","臺北市仁愛國中","Taiwan","4430","1","5.1.1","20","RP860K","2019-03-02 08:13:30"
"4579","2591","臺北市仁愛國中","Taiwan","4430","1","5.1.1","20","RP860K","2019-03-02 08:23:02"
"4580","2591","臺北市仁愛國中","Taiwan","4430","1","5.1.1","20","RP860K","2019-03-02 08:47:34"
"4581","2591","臺北市仁愛國中","Taiwan","4430","1","5.1.1","20","RP860K","2019-03-02 08:55:20"
"4582","2591","臺北市仁愛國中","Taiwan","4430","1","5.1.1","20","RP860K","2019-03-02 09:04:04"
"4583","2591","臺北市仁愛國中","Taiwan","4430","1","5.1.1","20","RP860K","2019-03-02 09:17:44"
"4584","2591","臺北市仁愛國中","Taiwan","4430","1","5.1.1","20","RP860K","2019-03-02 09:26:12"
"4585","2591","臺北市仁愛國中","Taiwan","4430","1","5.1.1","20","RP860K","2019-03-02 09:36:42"
"4586","2591","臺北市仁愛國中","Taiwan","4430","1","5.1.1","20","RP860K","2019-03-02 10:43:32"
"4587","2591","臺北市仁愛國中","Taiwan","4430","1","5.1.1","20","RP860K","2019-03-02 10:53:36"
"4588","2591","臺北市仁愛國中","Taiwan","4430","1","5.1.1","20","RP860K","2019-03-02 11:02:49"
"4589","2591","臺北市仁愛國中","Taiwan","4430","1","5.1.1","20","RP860K","2019-03-02 11:13:22"
"4590","2591","臺北市仁愛國中","Taiwan","4430","1","5.1.1","20","RP860K","2019-03-02 11:27:43"
"4591","2591","臺北市仁愛國中","Taiwan","4430","1","5.1.1","20","RP860K","2019-03-02 11:41:12"
"4592","2591","臺北市仁愛國中","Taiwan","4430","1","5.1.1","20","RP860K","2019-03-02 11:50:26"
"4594","2591","臺北市仁愛國中","Taiwan","4430","1","5.1.1","20","RP860K","2019-03-03 06:28:03"
"4595","2591","臺北市仁愛國中","Taiwan","4430","1","5.1.1","20","RP860K","2019-03-03 06:40:54"
"4596","2591","臺北市仁愛國中","Taiwan","4430","1","5.1.1","20","RP860K","2019-03-03 06:50:53"
"4597","2591","臺北市仁愛國中","Taiwan","4430","1","5.1.1","20","RP860K","2019-03-03 07:01:06"
"4598","2591","臺北市仁愛國中","Taiwan","4430","1","5.1.1","20","RP860K","2019-03-03 07:11:01"
"4599","2591","臺北市仁愛國中","Taiwan","4430","1","5.1.1","20","RP860K","2019-03-03 07:20:17"
"4600","2591","臺北市仁愛國中","Taiwan","4430","1","5.1.1","20","RP860K","2019-03-03 07:31:16"
"4601","2591","臺北市仁愛國中","Taiwan","4430","1","5.1.1","20","RP860K","2019-03-03 07:51:28"
"4602","2591","臺北市仁愛國中","Taiwan","4430","1","5.1.1","20","RP860K","2019-03-03 08:03:50"
"4603","2591","臺北市仁愛國中","Taiwan","4430","1","5.1.1","20","RP860K","2019-03-03 08:21:15"
"4604","2591","臺北市仁愛國中","Taiwan","4430","1","5.1.1","20","RP860K","2019-03-03 08:32:55"
"4605","2591","臺北市仁愛國中","Taiwan","4430","1","5.1.1","20","RP860K","2019-03-03 08:42:57"
"4606","2591","臺北市仁愛國中","Taiwan","4430","1","5.1.1","20","RP860K","2019-03-03 09:02:12"
"4607","2591","臺北市仁愛國中","Taiwan","4430","1","5.1.1","20","RP860K","2019-03-03 09:15:25"
"4608","2591","臺北市仁愛國中","Taiwan","4430","1","5.1.1","20","RP860K","2019-03-03 09:23:46"
"4609","2591","臺北市仁愛國中","Taiwan","4430","1","5.1.1","20","RP860K","2019-03-03 09:36:58"
"4610","2591","臺北市仁愛國中","Taiwan","4430","1","5.1.1","20","RP860K","2019-03-03 09:52:43"
"4611","2591","臺北市仁愛國中","Taiwan","4430","1","5.1.1","20","RP860K","2019-03-03 10:05:06"
"4612","2591","臺北市仁愛國中","Taiwan","4430","1","5.1.1","20","RP860K","2019-03-03 10:18:43"
"4616","2591","臺北市仁愛國中","Taiwan","4430","1","5.1.1","20","RP860K","2019-03-04 10:54:53"
"4617","2591","臺北市仁愛國中","Taiwan","4430","1","5.1.1","20","RP860K","2019-03-04 12:40:32"
"4618","2591","臺北市仁愛國中","Taiwan","4430","1","5.1.1","20","RP860K","2019-03-04 12:51:56"
"4625","2591","臺北市仁愛國中","Taiwan","4430","1","5.1.1","20","RP860K","2019-03-04 23:30:59"
"5221","2591","臺北市仁愛國中","Taiwan","4430","1","5.1.1","20","RP860K","2019-05-09 00:36:54"
"7184","2591","臺北市仁愛國中","Taiwan","4430","1","6.0","34","RP6501K","2019-10-03 08:26:46"
"7185","2591","臺北市仁愛國中","Taiwan","4430","1","6.0","34","RP6501K","2019-10-03 08:31:18"
"7186","2591","臺北市仁愛國中","Taiwan","4430","1","6.0","34","RP6501K","2019-10-03 08:40:41"
"4471","2595","Data Image","United States","4436","1","5.0.1","31","RM6501K","2019-02-21 18:14:08"
"4788","2595","Data Image","United States","4436","1","6.0","35","RP7501K","2019-03-21 13:39:22"
"6120","2595","Data Image","United States","4436","1","6.0","35","RP7501K","2019-07-24 18:01:20"
"5912","2600","臺中市立大道國中","Taiwan","4441","1","5.0.1","37","RP755S","2019-07-10 03:27:44"
"5915","2600","臺中市立大道國中","Taiwan","4441","1","5.0.1","37","RP755S","2019-07-10 06:38:20"
"5916","2600","臺中市立大道國中","Taiwan","4441","1","5.0.1","37","RP755S","2019-07-10 08:38:11"
"5935","2600","臺中市立大道國中","Taiwan","4441","1","5.0.1","37","RP755S","2019-07-11 00:52:35"
"5936","2600","臺中市立大道國中","Taiwan","4441","1","5.0.1","37","RP755S","2019-07-11 00:54:53"
"5937","2600","臺中市立大道國中","Taiwan","4441","1","5.0.1","37","RP755S","2019-07-11 01:24:28"
"5938","2600","臺中市立大道國中","Taiwan","4441","1","5.0.1","37","RP755S","2019-07-11 02:03:15"
"5939","2600","臺中市立大道國中","Taiwan","4441","1","5.0.1","37","RP755S","2019-07-11 02:16:13"
"5940","2600","臺中市立大道國中","Taiwan","4441","1","5.0.1","37","RP755S","2019-07-11 02:43:27"
"5941","2600","臺中市立大道國中","Taiwan","4441","1","5.0.1","37","RP755S","2019-07-11 02:47:55"
"5942","2600","臺中市立大道國中","Taiwan","4441","1","5.0.1","37","RP755S","2019-07-11 03:09:57"
"5943","2600","臺中市立大道國中","Taiwan","4441","1","5.0.1","37","RP755S","2019-07-11 03:22:20"
"4522","2623","台北市立實踐國中","Taiwan","4489","1","5.1.1","20","RP860K","2019-02-27 06:25:00"
"4629","2623","台北市立實踐國中","Taiwan","4489","1","5.1.1","20","RP860K","2019-03-05 03:58:32"
"4750","2623","台北市立實踐國中","Taiwan","4489","1","5.1.1","20","RP860K","2019-03-20 01:28:26"
"5444","2623","台北市立實踐國中","Taiwan","4489","1","5.1.1","20","RP860K","2019-06-03 06:24:23"
"5445","2623","台北市立實踐國中","Taiwan","4489","1","5.1.1","20","RP860K","2019-06-03 06:30:03"
"5447","2623","台北市立實踐國中","Taiwan","4489","1","5.1.1","20","RP860K","2019-06-03 06:46:03"
"5448","2623","台北市立實踐國中","Taiwan","4489","1","5.1.1","20","RP860K","2019-06-03 06:50:18"
"5450","2623","台北市立實踐國中","Taiwan","4489","1","5.1.1","20","RP860K","2019-06-03 06:56:54"
"5451","2623","台北市立實踐國中","Taiwan","4489","1","5.1.1","20","RP860K","2019-06-03 07:01:43"
"5452","2623","台北市立實踐國中","Taiwan","4489","1","5.1.1","20","RP860K","2019-06-03 07:04:12"
"5453","2623","台北市立實踐國中","Taiwan","4489","1","5.1.1","20","RP860K","2019-06-03 07:07:13"
"6287","2623","台北市立實踐國中","Taiwan","4489","1","5.1.1","20","RP860K","2019-08-06 01:23:19"
"6290","2623","台北市立實踐國中","Taiwan","4489","1","5.1.1","20","RP860K","2019-08-06 07:42:09"
"6614","2623","台北市立實踐國中","Taiwan","4489","1","5.1.1","20","RP860K","2019-08-23 07:51:41"
"6615","2623","台北市立實踐國中","Taiwan","4489","1","5.1.1","20","RP860K","2019-08-23 07:57:37"
"6616","2623","台北市立實踐國中","Taiwan","4489","1","5.1.1","20","RP860K","2019-08-23 08:00:26"
"6806","2623","台北市立實踐國中","Taiwan","4489","1","5.1.1","20","RP860K","2019-09-06 08:33:06"
"6852","2623","台北市立實踐國中","Taiwan","4489","1","5.1.1","20","RP860K","2019-09-11 05:15:55"
"6853","2623","台北市立實踐國中","Taiwan","4489","1","5.1.1","20","RP860K","2019-09-11 05:22:27"
"6857","2623","台北市立實踐國中","Taiwan","4489","1","5.1.1","20","RP860K","2019-09-11 05:33:47"
"6858","2623","台北市立實踐國中","Taiwan","4489","1","5.1.1","20","RP860K","2019-09-11 06:14:18"
"6859","2623","台北市立實踐國中","Taiwan","4489","1","5.1.1","20","RP860K","2019-09-11 06:17:29"
"6861","2623","台北市立實踐國中","Taiwan","4489","1","5.1.1","20","RP860K","2019-09-11 06:21:00"
"6865","2623","台北市立實踐國中","Taiwan","4489","1","5.1.1","20","RP860K","2019-09-11 06:22:47"
"6866","2623","台北市立實踐國中","Taiwan","4489","1","5.1.1","20","RP860K","2019-09-11 06:24:50"
"6868","2623","台北市立實踐國中","Taiwan","4489","1","5.1.1","20","RP860K","2019-09-11 06:29:12"
"6869","2623","台北市立實踐國中","Taiwan","4489","1","5.1.1","20","RP860K","2019-09-11 06:33:02"
"6870","2623","台北市立實踐國中","Taiwan","4489","1","5.1.1","20","RP860K","2019-09-11 07:13:19"
"6871","2623","台北市立實踐國中","Taiwan","4489","1","5.1.1","20","RP860K","2019-09-11 07:16:38"
"6873","2623","台北市立實踐國中","Taiwan","4489","1","5.1.1","20","RP860K","2019-09-11 07:21:57"
"4544","2646","TGI","Hong Kong","4519","1","6.0","34","RP6501K","2019-02-28 07:18:10"
"6437","2701","AV Media Systems","Australia","4605","1","6.0","34","RP6501K","2019-08-13 04:25:43"
"5396","2770","iClass Canada","CANADA","4715","1","6.0","34","RP6501K","2019-05-27 18:59:30"
"5743","2776","Synnex NZ","New Zealand","4725","1","6.0","34","RP6501K","2019-06-26 02:15:22"
"5415","2795","Alloys","Australia","4754","1","6.0","34","RP6501K","2019-05-29 05:40:35"
"5426","2795","Alloys","Australia","4754","1","6.0","34","RP6501K","2019-05-30 03:56:27"
"6039","2807","CAC","Australia","4770","1","5.1.1","19","RP750K","2019-07-19 03:02:33"
"6173","2807","CAC","Australia","4770","1","5.1.1","20","RP860K","2019-07-30 03:32:04"
"6174","2807","CAC","Australia","4770","1","5.1.1","20","RP860K","2019-07-30 03:33:04"
"6310","2807","CAC","Australia","4770","1","6.0","35","RP7501K","2019-08-06 22:58:36"
"6560","2807","CAC","Australia","4770","1","6.0","35","RP7501K","2019-08-21 04:40:57"
"6561","2807","CAC","Australia","4770","1","6.0","35","RP7501K","2019-08-21 04:49:26"
"6562","2807","CAC","Australia","4770","1","6.0","35","RP7501K","2019-08-21 04:51:08"
"6563","2807","CAC","Australia","4770","1","6.0","35","RP7501K","2019-08-21 04:54:24"
"6564","2807","CAC","Australia","4770","1","6.0","35","RP7501K","2019-08-21 05:05:36"
"5043","2844","Oregon City Scho","United States","4845","1","6.0","35","RP7501K","2019-04-25 23:04:44"
"5074","2852","IJN","Malaysia","4861","1","5.1.1","18","RP704K","2019-04-30 07:27:06"
"5085","2860","School District","United States","4870","1","6.0","34","RP6501K","2019-05-01 18:51:45"
"5218","2886","Oshkosh Schools","United States","4927","1","6.0","35","RP7501K","2019-05-08 20:52:14"
"5268","2886","Oshkosh Schools","United States","4927","1","6.0","35","RP7501K","2019-05-15 20:36:27"
"5557","2886","Oshkosh Schools","United States","4927","1","6.0","35","RP7501K","2019-06-14 12:01:20"
"5559","2886","Oshkosh Schools","United States","4927","1","6.0","35","RP7501K","2019-06-14 12:47:22"
"5560","2886","Oshkosh Schools","United States","4927","1","6.0","35","RP7501K","2019-06-14 13:28:11"
"5562","2886","Oshkosh Schools","United States","4927","1","6.0","35","RP7501K","2019-06-14 14:50:36"
"5563","2886","Oshkosh Schools","United States","4927","1","6.0","35","RP7501K","2019-06-14 15:00:45"
"5564","2886","Oshkosh Schools","United States","4927","1","6.0","35","RP7501K","2019-06-14 15:12:43"
"5565","2886","Oshkosh Schools","United States","4927","1","6.0","35","RP7501K","2019-06-14 15:31:20"
"5566","2886","Oshkosh Schools","United States","4927","1","6.0","35","RP7501K","2019-06-14 15:40:28"
"5567","2886","Oshkosh Schools","United States","4927","1","6.0","35","RP7501K","2019-06-14 15:48:47"
"5568","2886","Oshkosh Schools","United States","4927","1","6.0","35","RP7501K","2019-06-14 15:59:25"
"5576","2886","Oshkosh Schools","United States","4927","1","6.0","35","RP7501K","2019-06-17 16:27:03"
"5579","2886","Oshkosh Schools","United States","4927","1","6.0","35","RP7501K","2019-06-17 16:40:01"
"5580","2886","Oshkosh Schools","United States","4927","1","6.0","35","RP7501K","2019-06-17 16:43:13"
"5582","2886","Oshkosh Schools","United States","4927","1","6.0","35","RP7501K","2019-06-17 17:11:00"
"5583","2886","Oshkosh Schools","United States","4927","1","6.0","35","RP7501K","2019-06-17 17:25:45"
"5584","2886","Oshkosh Schools","United States","4927","1","6.0","35","RP7501K","2019-06-17 17:50:13"
"5585","2886","Oshkosh Schools","United States","4927","1","6.0","35","RP7501K","2019-06-17 19:45:02"
"5586","2886","Oshkosh Schools","United States","4927","1","6.0","35","RP7501K","2019-06-17 19:50:43"
"5587","2886","Oshkosh Schools","United States","4927","1","6.0","35","RP7501K","2019-06-17 20:03:08"
"5588","2886","Oshkosh Schools","United States","4927","1","6.0","35","RP7501K","2019-06-17 20:06:03"
"5595","2886","Oshkosh Schools","United States","4927","1","6.0","35","RP7501K","2019-06-18 12:03:31"
"5596","2886","Oshkosh Schools","United States","4927","1","6.0","35","RP7501K","2019-06-18 12:04:58"
"5598","2886","Oshkosh Schools","United States","4927","1","6.0","35","RP7501K","2019-06-18 12:18:54"
"5605","2886","Oshkosh Schools","United States","4927","1","6.0","35","RP7501K","2019-06-18 16:28:00"
"5606","2886","Oshkosh Schools","United States","4927","1","6.0","35","RP7501K","2019-06-18 16:43:13"
"5607","2886","Oshkosh Schools","United States","4927","1","6.0","35","RP7501K","2019-06-18 18:53:28"
"5608","2886","Oshkosh Schools","United States","4927","1","6.0","35","RP7501K","2019-06-18 19:06:15"
"5609","2886","Oshkosh Schools","United States","4927","1","6.0","35","RP7501K","2019-06-18 19:13:24"
"5610","2886","Oshkosh Schools","United States","4927","1","6.0","35","RP7501K","2019-06-18 19:25:26"
"5611","2886","Oshkosh Schools","United States","4927","1","6.0","35","RP7501K","2019-06-18 19:35:14"
"5619","2886","Oshkosh Schools","United States","4927","1","6.0","35","RP7501K","2019-06-19 13:02:06"
"5620","2886","Oshkosh Schools","United States","4927","1","6.0","35","RP7501K","2019-06-19 13:05:59"
"5621","2886","Oshkosh Schools","United States","4927","1","6.0","35","RP7501K","2019-06-19 13:51:22"
"5622","2886","Oshkosh Schools","United States","4927","1","6.0","35","RP7501K","2019-06-19 13:53:40"
"5624","2886","Oshkosh Schools","United States","4927","1","6.0","35","RP7501K","2019-06-19 14:02:28"
"5625","2886","Oshkosh Schools","United States","4927","1","6.0","35","RP7501K","2019-06-19 14:11:22"
"5626","2886","Oshkosh Schools","United States","4927","1","6.0","35","RP7501K","2019-06-19 14:19:46"
"5632","2886","Oshkosh Schools","United States","4927","1","6.0","35","RP7501K","2019-06-19 19:27:35"
"5633","2886","Oshkosh Schools","United States","4927","1","6.0","35","RP7501K","2019-06-19 19:28:02"
"5634","2886","Oshkosh Schools","United States","4927","1","6.0","35","RP7501K","2019-06-19 19:44:19"
"5649","2886","Oshkosh Schools","United States","4927","1","6.0","35","RP7501K","2019-06-20 11:47:55"
"5650","2886","Oshkosh Schools","United States","4927","1","6.0","35","RP7501K","2019-06-20 11:55:06"
"5651","2886","Oshkosh Schools","United States","4927","1","6.0","35","RP7501K","2019-06-20 12:01:52"
"5659","2886","Oshkosh Schools","United States","4927","1","6.0","35","RP7501K","2019-06-20 15:49:26"
"5662","2886","Oshkosh Schools","United States","4927","1","6.0","35","RP7501K","2019-06-20 16:01:28"
"5666","2886","Oshkosh Schools","United States","4927","1","6.0","35","RP7501K","2019-06-21 11:19:05"
"5667","2886","Oshkosh Schools","United States","4927","1","6.0","35","RP7501K","2019-06-21 11:24:17"
"5668","2886","Oshkosh Schools","United States","4927","1","6.0","35","RP7501K","2019-06-21 11:59:26"
"5670","2886","Oshkosh Schools","United States","4927","1","6.0","35","RP7501K","2019-06-21 12:56:04"
"5671","2886","Oshkosh Schools","United States","4927","1","6.0","35","RP7501K","2019-06-21 13:03:52"
"5700","2886","Oshkosh Schools","United States","4927","1","6.0","35","RP7501K","2019-06-24 17:06:13"
"5701","2886","Oshkosh Schools","United States","4927","1","6.0","35","RP7501K","2019-06-24 17:09:36"
"5702","2886","Oshkosh Schools","United States","4927","1","6.0","35","RP7501K","2019-06-24 17:14:54"
"5703","2886","Oshkosh Schools","United States","4927","1","6.0","35","RP7501K","2019-06-24 20:23:38"
"5721","2886","Oshkosh Schools","United States","4927","1","6.0","35","RP7501K","2019-06-25 11:56:43"
"5722","2886","Oshkosh Schools","United States","4927","1","6.0","35","RP7501K","2019-06-25 12:14:35"
"5728","2886","Oshkosh Schools","United States","4927","1","6.0","35","RP7501K","2019-06-25 19:03:21"
"5738","2886","Oshkosh Schools","United States","4927","1","6.0","35","RP7501K","2019-06-25 20:03:55"
"5739","2886","Oshkosh Schools","United States","4927","1","6.0","35","RP7501K","2019-06-25 20:19:32"
"5740","2886","Oshkosh Schools","United States","4927","1","6.0","35","RP7501K","2019-06-25 20:20:58"
"5751","2886","Oshkosh Schools","United States","4927","1","6.0","35","RP7501K","2019-06-26 12:34:05"
"5752","2886","Oshkosh Schools","United States","4927","1","6.0","35","RP7501K","2019-06-26 12:44:23"
"5753","2886","Oshkosh Schools","United States","4927","1","6.0","35","RP7501K","2019-06-26 16:46:31"
"5754","2886","Oshkosh Schools","United States","4927","1","6.0","35","RP7501K","2019-06-26 16:59:57"
"5755","2886","Oshkosh Schools","United States","4927","1","6.0","35","RP7501K","2019-06-26 17:19:12"
"5756","2886","Oshkosh Schools","United States","4927","1","6.0","35","RP7501K","2019-06-26 17:39:41"
"5757","2886","Oshkosh Schools","United States","4927","1","6.0","35","RP7501K","2019-06-26 19:25:37"
"5758","2886","Oshkosh Schools","United States","4927","1","6.0","35","RP7501K","2019-06-26 19:34:32"
"5776","2886","Oshkosh Schools","United States","4927","1","6.0","35","RP7501K","2019-06-27 11:35:29"
"5779","2886","Oshkosh Schools","United States","4927","1","6.0","35","RP7501K","2019-06-27 15:17:32"
"5780","2886","Oshkosh Schools","United States","4927","1","6.0","35","RP7501K","2019-06-27 15:56:39"
"5781","2886","Oshkosh Schools","United States","4927","1","6.0","35","RP7501K","2019-06-27 16:10:48"
"5782","2886","Oshkosh Schools","United States","4927","1","6.0","35","RP7501K","2019-06-27 16:19:11"
"5783","2886","Oshkosh Schools","United States","4927","1","6.0","35","RP7501K","2019-06-27 16:27:55"
"5784","2886","Oshkosh Schools","United States","4927","1","6.0","35","RP7501K","2019-06-27 17:53:29"
"5809","2886","Oshkosh Schools","United States","4927","1","6.0","35","RP7501K","2019-07-01 17:28:09"
"5810","2886","Oshkosh Schools","United States","4927","1","6.0","35","RP7501K","2019-07-01 17:45:36"
"5811","2886","Oshkosh Schools","United States","4927","1","6.0","35","RP7501K","2019-07-01 17:50:29"
"5812","2886","Oshkosh Schools","United States","4927","1","6.0","35","RP7501K","2019-07-01 19:00:50"
"5813","2886","Oshkosh Schools","United States","4927","1","6.0","35","RP7501K","2019-07-01 19:04:00"
"5814","2886","Oshkosh Schools","United States","4927","1","6.0","35","RP7501K","2019-07-01 19:10:29"
"5815","2886","Oshkosh Schools","United States","4927","1","6.0","35","RP7501K","2019-07-01 19:23:29"
"5816","2886","Oshkosh Schools","United States","4927","1","6.0","35","RP7501K","2019-07-01 19:32:49"
"5835","2886","Oshkosh Schools","United States","4927","1","6.0","35","RP7501K","2019-07-03 14:32:07"
"5837","2886","Oshkosh Schools","United States","4927","1","6.0","35","RP7501K","2019-07-03 14:45:58"
"5839","2886","Oshkosh Schools","United States","4927","1","6.0","35","RP7501K","2019-07-03 15:08:39"
"5840","2886","Oshkosh Schools","United States","4927","1","6.0","35","RP7501K","2019-07-03 15:21:00"
"5841","2886","Oshkosh Schools","United States","4927","1","6.0","35","RP7501K","2019-07-03 15:32:16"
"5842","2886","Oshkosh Schools","United States","4927","1","6.0","35","RP7501K","2019-07-03 19:02:22"
"5843","2886","Oshkosh Schools","United States","4927","1","6.0","35","RP7501K","2019-07-03 19:14:08"
"5844","2886","Oshkosh Schools","United States","4927","1","6.0","35","RP7501K","2019-07-03 19:31:16"
"5871","2886","Oshkosh Schools","United States","4927","1","6.0","35","RP7501K","2019-07-08 11:37:51"
"5872","2886","Oshkosh Schools","United States","4927","1","6.0","35","RP7501K","2019-07-08 11:52:16"
"5873","2886","Oshkosh Schools","United States","4927","1","6.0","35","RP7501K","2019-07-08 12:08:13"
"5875","2886","Oshkosh Schools","United States","4927","1","6.0","35","RP7501K","2019-07-08 12:26:09"
"5876","2886","Oshkosh Schools","United States","4927","1","6.0","35","RP7501K","2019-07-08 12:38:15"
"5878","2886","Oshkosh Schools","United States","4927","1","6.0","35","RP7501K","2019-07-08 12:51:53"
"5881","2886","Oshkosh Schools","United States","4927","1","6.0","35","RP7501K","2019-07-08 13:08:42"
"5886","2886","Oshkosh Schools","United States","4927","1","6.0","35","RP7501K","2019-07-08 16:05:54"
"5887","2886","Oshkosh Schools","United States","4927","1","6.0","35","RP7501K","2019-07-08 16:09:50"
"5888","2886","Oshkosh Schools","United States","4927","1","6.0","35","RP7501K","2019-07-08 16:15:57"
"5889","2886","Oshkosh Schools","United States","4927","1","6.0","35","RP7501K","2019-07-08 16:32:41"
"5891","2886","Oshkosh Schools","United States","4927","1","6.0","35","RP7501K","2019-07-08 16:43:17"
"5893","2886","Oshkosh Schools","United States","4927","1","6.0","35","RP7501K","2019-07-08 20:37:39"
"5898","2886","Oshkosh Schools","United States","4927","1","6.0","35","RP7501K","2019-07-09 16:01:17"
"5899","2886","Oshkosh Schools","United States","4927","1","6.0","35","RP7501K","2019-07-09 16:35:36"
"5900","2886","Oshkosh Schools","United States","4927","1","6.0","35","RP7501K","2019-07-09 16:48:05"
"5902","2886","Oshkosh Schools","United States","4927","1","6.0","35","RP7501K","2019-07-09 17:14:38"
"5903","2886","Oshkosh Schools","United States","4927","1","6.0","35","RP7501K","2019-07-09 17:46:04"
"5907","2886","Oshkosh Schools","United States","4927","1","6.0","35","RP7501K","2019-07-09 20:14:01"
"5919","2886","Oshkosh Schools","United States","4927","1","6.0","35","RP7501K","2019-07-10 13:03:53"
"5920","2886","Oshkosh Schools","United States","4927","1","6.0","35","RP7501K","2019-07-10 13:21:25"
"5921","2886","Oshkosh Schools","United States","4927","1","6.0","35","RP7501K","2019-07-10 13:35:40"
"5928","2886","Oshkosh Schools","United States","4927","1","6.0","35","RP7501K","2019-07-10 14:36:27"
"5929","2886","Oshkosh Schools","United States","4927","1","6.0","35","RP7501K","2019-07-10 15:15:34"
"5931","2886","Oshkosh Schools","United States","4927","1","6.0","35","RP7501K","2019-07-10 15:46:55"
"5932","2886","Oshkosh Schools","United States","4927","1","6.0","35","RP7501K","2019-07-10 19:16:49"
"5933","2886","Oshkosh Schools","United States","4927","1","6.0","35","RP7501K","2019-07-10 19:27:09"
"5934","2886","Oshkosh Schools","United States","4927","1","6.0","35","RP7501K","2019-07-10 19:49:02"
"5945","2886","Oshkosh Schools","United States","4927","1","6.0","35","RP7501K","2019-07-11 13:03:02"
"5946","2886","Oshkosh Schools","United States","4927","1","6.0","35","RP7501K","2019-07-11 13:07:08"
"5947","2886","Oshkosh Schools","United States","4927","1","6.0","35","RP7501K","2019-07-11 13:46:54"
"5948","2886","Oshkosh Schools","United States","4927","1","6.0","35","RP7501K","2019-07-11 13:53:56"
"5949","2886","Oshkosh Schools","United States","4927","1","6.0","35","RP7501K","2019-07-11 14:10:15"
"5951","2886","Oshkosh Schools","United States","4927","1","6.0","35","RP7501K","2019-07-11 15:51:07"
"5978","2886","Oshkosh Schools","United States","4927","1","6.0","35","RP7501K","2019-07-15 17:43:42"
"5979","2886","Oshkosh Schools","United States","4927","1","6.0","35","RP7501K","2019-07-15 17:57:55"
"5980","2886","Oshkosh Schools","United States","4927","1","6.0","35","RP7501K","2019-07-15 18:04:48"
"5981","2886","Oshkosh Schools","United States","4927","1","6.0","35","RP7501K","2019-07-15 18:15:49"
"5982","2886","Oshkosh Schools","United States","4927","1","6.0","35","RP7501K","2019-07-15 20:03:43"
"5983","2886","Oshkosh Schools","United States","4927","1","6.0","35","RP7501K","2019-07-15 20:11:37"
"5984","2886","Oshkosh Schools","United States","4927","1","6.0","35","RP7501K","2019-07-15 20:24:10"
"5991","2886","Oshkosh Schools","United States","4927","1","6.0","35","RP7501K","2019-07-16 12:44:52"
"5992","2886","Oshkosh Schools","United States","4927","1","6.0","35","RP7501K","2019-07-16 12:47:01"
"5993","2886","Oshkosh Schools","United States","4927","1","6.0","35","RP7501K","2019-07-16 13:02:30"
"5994","2886","Oshkosh Schools","United States","4927","1","6.0","35","RP7501K","2019-07-16 13:10:44"
"5995","2886","Oshkosh Schools","United States","4927","1","6.0","35","RP7501K","2019-07-16 13:17:48"
"5996","2886","Oshkosh Schools","United States","4927","1","6.0","35","RP7501K","2019-07-16 13:21:14"
"5998","2886","Oshkosh Schools","United States","4927","1","6.0","35","RP7501K","2019-07-16 13:39:59"
"5999","2886","Oshkosh Schools","United States","4927","1","6.0","35","RP7501K","2019-07-16 13:56:31"
"6000","2886","Oshkosh Schools","United States","4927","1","6.0","35","RP7501K","2019-07-16 14:29:01"
"6028","2886","Oshkosh Schools","United States","4927","1","6.0","35","RP7501K","2019-07-18 17:35:03"
"6029","2886","Oshkosh Schools","United States","4927","1","6.0","35","RP7501K","2019-07-18 17:41:39"
"6030","2886","Oshkosh Schools","United States","4927","1","6.0","35","RP7501K","2019-07-18 17:47:41"
"6031","2886","Oshkosh Schools","United States","4927","1","6.0","35","RP7501K","2019-07-18 17:53:58"
"6033","2886","Oshkosh Schools","United States","4927","1","6.0","35","RP7501K","2019-07-18 19:22:26"
"6060","2886","Oshkosh Schools","United States","4927","1","6.0","35","RP7501K","2019-07-22 13:52:15"
"6061","2886","Oshkosh Schools","United States","4927","1","6.0","35","RP7501K","2019-07-22 13:58:08"
"6062","2886","Oshkosh Schools","United States","4927","1","6.0","35","RP7501K","2019-07-22 14:02:23"
"6063","2886","Oshkosh Schools","United States","4927","1","6.0","35","RP7501K","2019-07-22 14:10:54"
"6064","2886","Oshkosh Schools","United States","4927","1","6.0","35","RP7501K","2019-07-22 14:20:20"
"6065","2886","Oshkosh Schools","United States","4927","1","6.0","35","RP7501K","2019-07-22 14:30:29"
"6066","2886","Oshkosh Schools","United States","4927","1","6.0","35","RP7501K","2019-07-22 14:40:19"
"6067","2886","Oshkosh Schools","United States","4927","1","6.0","35","RP7501K","2019-07-22 14:49:13"
"6068","2886","Oshkosh Schools","United States","4927","1","6.0","35","RP7501K","2019-07-22 15:38:31"
"6081","2886","Oshkosh Schools","United States","4927","1","6.0","35","RP7501K","2019-07-23 16:23:17"
"6082","2886","Oshkosh Schools","United States","4927","1","6.0","35","RP7501K","2019-07-23 16:34:14"
"6083","2886","Oshkosh Schools","United States","4927","1","6.0","35","RP7501K","2019-07-23 16:54:17"
"6084","2886","Oshkosh Schools","United States","4927","1","6.0","35","RP7501K","2019-07-23 16:59:54"
"6085","2886","Oshkosh Schools","United States","4927","1","6.0","35","RP7501K","2019-07-23 17:00:56"
"6086","2886","Oshkosh Schools","United States","4927","1","6.0","35","RP7501K","2019-07-23 17:13:57"
"6087","2886","Oshkosh Schools","United States","4927","1","6.0","35","RP7501K","2019-07-23 17:18:17"
"6088","2886","Oshkosh Schools","United States","4927","1","6.0","35","RP7501K","2019-07-23 17:28:00"
"6089","2886","Oshkosh Schools","United States","4927","1","6.0","35","RP7501K","2019-07-23 17:36:55"
"6090","2886","Oshkosh Schools","United States","4927","1","6.0","35","RP7501K","2019-07-23 17:44:21"
"6091","2886","Oshkosh Schools","United States","4927","1","6.0","35","RP7501K","2019-07-23 17:47:31"
"6092","2886","Oshkosh Schools","United States","4927","1","6.0","35","RP7501K","2019-07-23 17:58:14"
"6113","2886","Oshkosh Schools","United States","4927","1","6.0","35","RP7501K","2019-07-24 15:24:01"
"6114","2886","Oshkosh Schools","United States","4927","1","6.0","35","RP7501K","2019-07-24 15:27:14"
"6115","2886","Oshkosh Schools","United States","4927","1","6.0","35","RP7501K","2019-07-24 15:30:19"
"6117","2886","Oshkosh Schools","United States","4927","1","6.0","35","RP7501K","2019-07-24 15:45:31"
"6118","2886","Oshkosh Schools","United States","4927","1","6.0","35","RP7501K","2019-07-24 15:56:36"
"6119","2886","Oshkosh Schools","United States","4927","1","6.0","35","RP7501K","2019-07-24 16:06:52"
"6121","2886","Oshkosh Schools","United States","4927","1","6.0","35","RP7501K","2019-07-24 20:04:36"
"6122","2886","Oshkosh Schools","United States","4927","1","6.0","35","RP7501K","2019-07-24 20:28:04"
"6133","2886","Oshkosh Schools","United States","4927","1","6.0","35","RP7501K","2019-07-25 12:59:53"
"6135","2886","Oshkosh Schools","United States","4927","1","6.0","35","RP7501K","2019-07-25 14:21:16"
"6136","2886","Oshkosh Schools","United States","4927","1","6.0","35","RP7501K","2019-07-25 14:25:52"
"6137","2886","Oshkosh Schools","United States","4927","1","6.0","35","RP7501K","2019-07-25 14:40:50"
"6138","2886","Oshkosh Schools","United States","4927","1","6.0","35","RP7501K","2019-07-25 14:45:24"
"6139","2886","Oshkosh Schools","United States","4927","1","6.0","35","RP7501K","2019-07-25 14:47:39"
"6140","2886","Oshkosh Schools","United States","4927","1","6.0","35","RP7501K","2019-07-25 14:48:02"
"6141","2886","Oshkosh Schools","United States","4927","1","6.0","35","RP7501K","2019-07-25 15:17:20"
"6142","2886","Oshkosh Schools","United States","4927","1","6.0","35","RP7501K","2019-07-25 18:42:33"
"6143","2886","Oshkosh Schools","United States","4927","1","6.0","35","RP7501K","2019-07-25 18:53:46"
"6156","2886","Oshkosh Schools","United States","4927","1","6.0","35","RP7501K","2019-07-29 12:51:10"
"6157","2886","Oshkosh Schools","United States","4927","1","6.0","35","RP7501K","2019-07-29 13:06:19"
"6158","2886","Oshkosh Schools","United States","4927","1","6.0","35","RP7501K","2019-07-29 13:23:33"
"6159","2886","Oshkosh Schools","United States","4927","1","6.0","35","RP7501K","2019-07-29 14:05:14"
"6160","2886","Oshkosh Schools","United States","4927","1","6.0","35","RP7501K","2019-07-29 14:19:58"
"6161","2886","Oshkosh Schools","United States","4927","1","6.0","35","RP7501K","2019-07-29 15:04:47"
"6162","2886","Oshkosh Schools","United States","4927","1","6.0","35","RP7501K","2019-07-29 16:17:17"
"6163","2886","Oshkosh Schools","United States","4927","1","6.0","35","RP7501K","2019-07-29 19:37:12"
"6164","2886","Oshkosh Schools","United States","4927","1","6.0","35","RP7501K","2019-07-29 19:47:44"
"6165","2886","Oshkosh Schools","United States","4927","1","6.0","35","RP7501K","2019-07-29 20:02:48"
"6166","2886","Oshkosh Schools","United States","4927","1","6.0","35","RP7501K","2019-07-29 20:05:19"
"6185","2886","Oshkosh Schools","United States","4927","1","6.0","35","RP7501K","2019-07-30 15:14:21"
"6186","2886","Oshkosh Schools","United States","4927","1","6.0","35","RP7501K","2019-07-30 15:28:18"
"6187","2886","Oshkosh Schools","United States","4927","1","6.0","35","RP7501K","2019-07-30 18:17:32"
"6189","2886","Oshkosh Schools","United States","4927","1","6.0","35","RP7501K","2019-07-31 12:26:38"
"6190","2886","Oshkosh Schools","United States","4927","1","6.0","35","RP7501K","2019-07-31 12:35:42"
"6191","2886","Oshkosh Schools","United States","4927","1","6.0","35","RP7501K","2019-07-31 12:47:54"
"6192","2886","Oshkosh Schools","United States","4927","1","6.0","35","RP7501K","2019-07-31 12:52:46"
"6194","2886","Oshkosh Schools","United States","4927","1","6.0","35","RP7501K","2019-07-31 13:02:13"
"6196","2886","Oshkosh Schools","United States","4927","1","6.0","35","RP7501K","2019-07-31 14:43:07"
"6198","2886","Oshkosh Schools","United States","4927","1","6.0","35","RP7501K","2019-07-31 16:01:36"
"6199","2886","Oshkosh Schools","United States","4927","1","6.0","35","RP7501K","2019-07-31 16:33:34"
"6201","2886","Oshkosh Schools","United States","4927","1","6.0","35","RP7501K","2019-07-31 19:13:21"
"6234","2886","Oshkosh Schools","United States","4927","1","6.0","35","RP7501K","2019-08-05 11:49:46"
"6235","2886","Oshkosh Schools","United States","4927","1","6.0","35","RP7501K","2019-08-05 11:52:04"
"6236","2886","Oshkosh Schools","United States","4927","1","6.0","35","RP7501K","2019-08-05 11:54:16"
"6238","2886","Oshkosh Schools","United States","4927","1","6.0","35","RP7501K","2019-08-05 11:56:50"
"6239","2886","Oshkosh Schools","United States","4927","1","6.0","35","RP7501K","2019-08-05 12:00:00"
"6243","2886","Oshkosh Schools","United States","4927","1","6.0","35","RP7501K","2019-08-05 12:17:33"
"6258","2886","Oshkosh Schools","United States","4927","1","6.0","35","RP7501K","2019-08-05 15:33:50"
"6260","2886","Oshkosh Schools","United States","4927","1","6.0","35","RP7501K","2019-08-05 15:42:56"
"6264","2886","Oshkosh Schools","United States","4927","1","6.0","35","RP7501K","2019-08-05 16:06:02"
"6280","2886","Oshkosh Schools","United States","4927","1","6.0","35","RP7501K","2019-08-05 20:23:48"
"6281","2886","Oshkosh Schools","United States","4927","1","6.0","35","RP7501K","2019-08-05 20:26:13"
"6283","2886","Oshkosh Schools","United States","4927","1","6.0","35","RP7501K","2019-08-05 20:35:21"
"6284","2886","Oshkosh Schools","United States","4927","1","6.0","35","RP7501K","2019-08-05 20:39:07"
"6285","2886","Oshkosh Schools","United States","4927","1","6.0","35","RP7501K","2019-08-05 20:42:17"
"6297","2886","Oshkosh Schools","United States","4927","1","6.0","35","RP7501K","2019-08-06 17:46:37"
"6298","2886","Oshkosh Schools","United States","4927","1","6.0","35","RP7501K","2019-08-06 17:56:05"
"6299","2886","Oshkosh Schools","United States","4927","1","6.0","35","RP7501K","2019-08-06 18:03:35"
"6300","2886","Oshkosh Schools","United States","4927","1","6.0","35","RP7501K","2019-08-06 18:12:59"
"6301","2886","Oshkosh Schools","United States","4927","1","6.0","35","RP7501K","2019-08-06 18:14:19"
"6302","2886","Oshkosh Schools","United States","4927","1","6.0","35","RP7501K","2019-08-06 18:22:56"
"6328","2886","Oshkosh Schools","United States","4927","1","6.0","35","RP7501K","2019-08-07 13:02:14"
"6329","2886","Oshkosh Schools","United States","4927","1","6.0","35","RP7501K","2019-08-07 13:28:23"
"6330","2886","Oshkosh Schools","United States","4927","1","6.0","35","RP7501K","2019-08-07 13:35:09"
"6331","2886","Oshkosh Schools","United States","4927","1","6.0","35","RP7501K","2019-08-07 13:56:56"
"6332","2886","Oshkosh Schools","United States","4927","1","6.0","35","RP7501K","2019-08-07 14:26:03"
"6335","2886","Oshkosh Schools","United States","4927","1","6.0","35","RP7501K","2019-08-07 15:02:01"
"6336","2886","Oshkosh Schools","United States","4927","1","6.0","35","RP7501K","2019-08-07 15:12:51"
"6367","2886","Oshkosh Schools","United States","4927","1","6.0","35","RP7501K","2019-08-08 12:01:01"
"6369","2886","Oshkosh Schools","United States","4927","1","6.0","35","RP7501K","2019-08-08 12:08:28"
"6371","2886","Oshkosh Schools","United States","4927","1","6.0","35","RP7501K","2019-08-08 12:27:41"
"6372","2886","Oshkosh Schools","United States","4927","1","6.0","35","RP7501K","2019-08-08 13:03:57"
"6373","2886","Oshkosh Schools","United States","4927","1","6.0","35","RP7501K","2019-08-08 13:16:03"
"6374","2886","Oshkosh Schools","United States","4927","1","6.0","35","RP7501K","2019-08-08 13:33:10"
"6376","2886","Oshkosh Schools","United States","4927","1","6.0","35","RP7501K","2019-08-08 14:21:16"
"6380","2886","Oshkosh Schools","United States","4927","1","6.0","35","RP7501K","2019-08-08 17:55:04"
"6383","2886","Oshkosh Schools","United States","4927","1","6.0","35","RP7501K","2019-08-08 18:02:43"
"6384","2886","Oshkosh Schools","United States","4927","1","6.0","35","RP7501K","2019-08-08 18:23:09"
"6385","2886","Oshkosh Schools","United States","4927","1","6.0","35","RP7501K","2019-08-08 18:34:30"
"6386","2886","Oshkosh Schools","United States","4927","1","6.0","35","RP7501K","2019-08-08 18:43:57"
"6426","2886","Oshkosh Schools","United States","4927","1","6.0","35","RP7501K","2019-08-12 15:16:56"
"6427","2886","Oshkosh Schools","United States","4927","1","6.0","35","RP7501K","2019-08-12 15:29:50"
"6428","2886","Oshkosh Schools","United States","4927","1","6.0","35","RP7501K","2019-08-12 15:38:02"
"6429","2886","Oshkosh Schools","United States","4927","1","6.0","35","RP7501K","2019-08-12 15:45:41"
"6430","2886","Oshkosh Schools","United States","4927","1","6.0","35","RP7501K","2019-08-12 15:48:06"
"6431","2886","Oshkosh Schools","United States","4927","1","6.0","34","RP6501K","2019-08-12 19:12:43"
"6432","2886","Oshkosh Schools","United States","4927","1","6.0","35","RP7501K","2019-08-12 19:25:27"
"6433","2886","Oshkosh Schools","United States","4927","1","6.0","35","RP7501K","2019-08-12 20:53:48"
"6451","2886","Oshkosh Schools","United States","4927","1","6.0","35","RP7501K","2019-08-13 14:14:50"
"6452","2886","Oshkosh Schools","United States","4927","1","6.0","35","RP7501K","2019-08-13 14:29:34"
"6457","2886","Oshkosh Schools","United States","4927","1","6.0","35","RP7501K","2019-08-13 15:32:42"
"6459","2886","Oshkosh Schools","United States","4927","1","6.0","35","RP7501K","2019-08-13 18:42:06"
"6460","2886","Oshkosh Schools","United States","4927","1","6.0","35","RP7501K","2019-08-13 18:48:20"
"6461","2886","Oshkosh Schools","United States","4927","1","6.0","35","RP7501K","2019-08-13 18:56:13"
"6462","2886","Oshkosh Schools","United States","4927","1","6.0","35","RP7501K","2019-08-13 19:54:06"
"6463","2886","Oshkosh Schools","United States","4927","1","6.0","35","RP7501K","2019-08-13 20:56:19"
"6473","2886","Oshkosh Schools","United States","4927","1","6.0","35","RP7501K","2019-08-14 11:18:15"
"6474","2886","Oshkosh Schools","United States","4927","1","6.0","35","RP7501K","2019-08-14 12:35:30"
"6476","2886","Oshkosh Schools","United States","4927","1","6.0","35","RP7501K","2019-08-14 13:38:22"
"6477","2886","Oshkosh Schools","United States","4927","1","6.0","35","RP7501K","2019-08-14 15:45:37"
"6478","2886","Oshkosh Schools","United States","4927","1","6.0","35","RP7501K","2019-08-14 15:51:10"
"6479","2886","Oshkosh Schools","United States","4927","1","6.0","35","RP7501K","2019-08-14 15:55:35"
"6480","2886","Oshkosh Schools","United States","4927","1","6.0","35","RP7501K","2019-08-14 16:09:59"
"6481","2886","Oshkosh Schools","United States","4927","1","6.0","35","RP7501K","2019-08-14 16:20:49"
"6484","2886","Oshkosh Schools","United States","4927","1","6.0","35","RP7501K","2019-08-14 19:01:29"
"6486","2886","Oshkosh Schools","United States","4927","1","6.0","35","RP7501K","2019-08-14 19:29:34"
"6487","2886","Oshkosh Schools","United States","4927","1","6.0","35","RP7501K","2019-08-14 20:13:13"
"6488","2886","Oshkosh Schools","United States","4927","1","6.0","35","RP7501K","2019-08-14 20:27:58"
"6495","2886","Oshkosh Schools","United States","4927","1","6.0","35","RP7501K","2019-08-15 12:28:35"
"6496","2886","Oshkosh Schools","United States","4927","1","6.0","35","RP7501K","2019-08-15 14:28:21"
"6497","2886","Oshkosh Schools","United States","4927","1","6.0","35","RP7501K","2019-08-15 15:28:26"
"6499","2886","Oshkosh Schools","United States","4927","1","6.0","35","RP7501K","2019-08-15 16:28:52"
"6518","2886","Oshkosh Schools","United States","4927","1","6.0","35","RP7501K","2019-08-19 11:30:05"
"6520","2886","Oshkosh Schools","United States","4927","1","6.0","35","RP7501K","2019-08-19 13:25:19"
"6524","2886","Oshkosh Schools","United States","4927","1","6.0","35","RP7501K","2019-08-19 20:27:50"
"6535","2886","Oshkosh Schools","United States","4927","1","6.0","35","RP7501K","2019-08-20 15:47:46"
"6536","2886","Oshkosh Schools","United States","4927","1","6.0","35","RP7501K","2019-08-20 15:58:29"
"6552","2886","Oshkosh Schools","United States","4927","1","6.0","35","RP7501K","2019-08-20 19:00:09"
"6553","2886","Oshkosh Schools","United States","4927","1","6.0","35","RP7501K","2019-08-20 20:13:53"
"6554","2886","Oshkosh Schools","United States","4927","1","6.0","35","RP7501K","2019-08-20 20:40:28"
"6572","2886","Oshkosh Schools","United States","4927","1","6.0","35","RP7501K","2019-08-21 15:11:05"
"6575","2886","Oshkosh Schools","United States","4927","1","6.0","35","RP7501K","2019-08-21 16:14:36"
"6576","2886","Oshkosh Schools","United States","4927","1","6.0","35","RP7501K","2019-08-21 17:22:49"
"6577","2886","Oshkosh Schools","United States","4927","1","6.0","35","RP7501K","2019-08-21 20:41:47"
"6595","2886","Oshkosh Schools","United States","4927","1","6.0","35","RP7501K","2019-08-22 12:07:55"
"6597","2886","Oshkosh Schools","United States","4927","1","6.0","35","RP7501K","2019-08-22 13:58:36"
"6598","2886","Oshkosh Schools","United States","4927","1","6.0","35","RP7501K","2019-08-22 14:19:54"
"6599","2886","Oshkosh Schools","United States","4927","1","6.0","35","RP7501K","2019-08-22 14:29:18"
"6601","2886","Oshkosh Schools","United States","4927","1","6.0","35","RP7501K","2019-08-22 15:25:59"
"6604","2886","Oshkosh Schools","United States","4927","1","6.0","35","RP7501K","2019-08-22 17:18:57"
"6605","2886","Oshkosh Schools","United States","4927","1","6.0","35","RP7501K","2019-08-22 18:23:57"
"6607","2886","Oshkosh Schools","United States","4927","1","6.0","35","RP7501K","2019-08-22 19:40:02"
"6627","2886","Oshkosh Schools","United States","4927","1","6.0","35","RP7501K","2019-08-26 12:21:29"
"6628","2886","Oshkosh Schools","United States","4927","1","6.0","35","RP7501K","2019-08-26 12:58:54"
"6629","2886","Oshkosh Schools","United States","4927","1","6.0","35","RP7501K","2019-08-26 13:55:35"
"6631","2886","Oshkosh Schools","United States","4927","1","6.0","35","RP7501K","2019-08-26 16:34:08"
"6632","2886","Oshkosh Schools","United States","4927","1","6.0","35","RP7501K","2019-08-26 16:44:40"
"6633","2886","Oshkosh Schools","United States","4927","1","6.0","35","RP7501K","2019-08-26 18:03:51"
"6634","2886","Oshkosh Schools","United States","4927","1","6.0","35","RP7501K","2019-08-26 18:05:05"
"6635","2886","Oshkosh Schools","United States","4927","1","6.0","35","RP7501K","2019-08-26 18:49:29"
"6638","2886","Oshkosh Schools","United States","4927","1","6.0","35","RP7501K","2019-08-26 20:07:16"
"6639","2886","Oshkosh Schools","United States","4927","1","6.0","35","RP7501K","2019-08-26 20:22:50"
"6647","2886","Oshkosh Schools","United States","4927","1","6.0","35","RP7501K","2019-08-27 11:58:56"
"6648","2886","Oshkosh Schools","United States","4927","1","6.0","35","RP7501K","2019-08-27 12:19:35"
"6691","2886","Oshkosh Schools","United States","4927","1","6.0","35","RP7501K","2019-08-29 15:52:34"
"6692","2886","Oshkosh Schools","United States","4927","1","6.0","35","RP7501K","2019-08-29 17:45:57"
"6701","2886","Oshkosh Schools","United States","4927","1","6.0","35","RP7501K","2019-08-30 14:06:16"
"6703","2886","Oshkosh Schools","United States","4927","1","6.0","35","RP7501K","2019-08-30 15:54:36"
"6798","2886","Oshkosh Schools","United States","4927","1","6.0","35","RP7501K","2019-09-05 13:45:47"
"7052","2886","Oshkosh Schools","United States","4927","1","6.0","35","RP7501K","2019-09-24 17:02:47"
"7250","2886","Oshkosh Schools","United States","4927","1","6.0","35","RP7501K","2019-10-10 15:03:44"
"7256","2886","Oshkosh Schools","United States","4927","1","6.0","35","RP7501K","2019-10-11 16:51:54"
"5356","2890","Hillcrest","United States","4934","1","6.0","34","RP6501K","2019-05-22 20:32:18"
"5231","2895","臺中市爽文國民中學","Taiwan","4943","1","5.0.1","37","RP755S","2019-05-10 03:29:24"
"5308","2895","臺中市爽文國民中學","Taiwan","4943","1","5.0.1","37","RP755S","2019-05-17 01:50:58"
"5310","2895","臺中市爽文國民中學","Taiwan","4943","1","5.0.1","37","RP755S","2019-05-17 02:16:56"
"5952","2895","臺中市爽文國民中學","Taiwan","4943","1","5.0.1","37","RP755S","2019-07-12 02:58:05"
"5953","2895","臺中市爽文國民中學","Taiwan","4943","1","5.0.1","37","RP755S","2019-07-12 03:04:40"
"5954","2895","臺中市爽文國民中學","Taiwan","4943","1","5.0.1","37","RP755S","2019-07-12 03:07:08"
"5955","2895","臺中市爽文國民中學","Taiwan","4943","1","5.0.1","37","RP755S","2019-07-12 03:20:55"
"5956","2895","臺中市爽文國民中學","Taiwan","4943","1","5.0.1","37","RP755S","2019-07-12 03:22:04"
"5957","2895","臺中市爽文國民中學","Taiwan","4943","1","5.0.1","37","RP755S","2019-07-12 03:23:15"
"5958","2895","臺中市爽文國民中學","Taiwan","4943","1","5.0.1","37","RP755S","2019-07-12 03:30:36"
"5959","2895","臺中市爽文國民中學","Taiwan","4943","1","5.0.1","37","RP755S","2019-07-12 03:32:03"
"5960","2895","臺中市爽文國民中學","Taiwan","4943","1","5.0.1","37","RP755S","2019-07-12 03:34:42"
"5961","2895","臺中市爽文國民中學","Taiwan","4943","1","5.0.1","37","RP755S","2019-07-12 03:35:42"
"5962","2895","臺中市爽文國民中學","Taiwan","4943","1","5.0.1","37","RP755S","2019-07-12 03:39:11"
"5963","2895","臺中市爽文國民中學","Taiwan","4943","1","5.0.1","37","RP755S","2019-07-12 03:41:14"
"5303","2919","ITESM","Mexico","4988","1","5.1.1","17","RP654K","2019-05-16 17:05:08"
"5824","2931","METZ TEHNOPOLES","France","5005","1","6.0","35","RP7501K","2019-07-02 13:44:28"
"5930","2931","METZ TEHNOPOLES","France","5005","1","6.0","36","RP8601K","2019-07-10 15:20:40"
"5355","2944","Classroom Tech","United States","5022","1","6.0","35","RP7501K","2019-05-22 18:01:39"
"5345","2945","Pacific Lutheran","United States","5023","1","6.0","35","RP7501K","2019-05-21 21:02:50"
"5352","2949","New London","United States","5031","1","6.0","36","RP8601K","2019-05-22 16:08:34"
"6585","2960","Videopro","Australia","5049","1","6.0","34","RP6501K","2019-08-22 05:09:42"
"5405","2963","EVRY AB","Sweden","5052","1","5.0.1","30","RM5501K","2019-05-28 12:40:56"
"5427","2980","Esol","United Arab Emirates","5083","1","5.1.1","19","RP750K","2019-05-30 07:39:49"
"5469","2995","CHMS","Mexico","5113","1","5.1.1","17","RP654K","2019-06-05 17:03:23"
"7017","2995","CHMS","Mexico","5113","1","5.1.1","17","RP654K","2019-09-20 16:40:23"
"7170","2995","CHMS","Mexico","5113","1","5.1.1","17","RP654K","2019-10-02 17:06:05"
"7171","2995","CHMS","Mexico","5113","1","5.1.1","17","RP654K","2019-10-02 17:21:34"
"7172","2995","CHMS","Mexico","5113","1","5.1.1","17","RP654K","2019-10-02 17:56:04"
"7173","2995","CHMS","Mexico","5113","1","5.1.1","17","RP654K","2019-10-02 18:02:42"
"7174","2995","CHMS","Mexico","5113","1","5.1.1","17","RP654K","2019-10-02 18:08:38"
"7207","2995","CHMS","Mexico","5113","1","5.1.1","17","RP654K","2019-10-04 13:26:06"
"7209","2995","CHMS","Mexico","5113","1","5.1.1","17","RP654K","2019-10-04 13:42:14"
"7212","2995","CHMS","Mexico","5113","1","5.1.1","17","RP654K","2019-10-04 18:37:35"
"7213","2995","CHMS","Mexico","5113","1","5.1.1","17","RP654K","2019-10-04 18:39:46"
"5489","3004","Infinicom","Mexico","5124","1","6.0","35","RP7501K","2019-06-06 23:31:32"
"5537","3008","4Square","Bahrain","5130","1","5.1.1","17","RP654K","2019-06-12 10:48:42"
"5524","3015","ABM","Kuwait","5139","1","5.1.1","20","RP860K","2019-06-11 12:43:15"
"5572","3039","鴻寬科技","Taiwan","5171","1","5.1.1","17","RP654K","2019-06-17 07:36:34"
"5637","3051","LCGS","Australia","5194","1","6.0","34","RP6501K","2019-06-20 01:26:10"
"5638","3051","LCGS","Australia","5194","1","6.0","34","RP6501K","2019-06-20 01:28:22"
"5639","3051","LCGS","Australia","5194","1","5.1.1","17","RP654K","2019-06-20 01:41:21"
"5642","3051","LCGS","Australia","5194","1","5.1.1","17","RP654K","2019-06-20 05:29:44"
"6228","3051","LCGS","Australia","5194","1","6.0","34","RP6501K","2019-08-05 06:08:41"
"6229","3051","LCGS","Australia","5194","1","6.0","34","RP6501K","2019-08-05 06:09:03"
"6230","3051","LCGS","Australia","5194","1","6.0","34","RP6501K","2019-08-05 08:03:51"
"5669","3067","Ceymsa SA","Spain","5224","1","6.0","34","RP6501K","2019-06-21 12:53:51"
"5711","3072","臺中市永春國民小學","Taiwan","5236","1","5.0.1","37","RP755S","2019-06-25 02:52:25"
"5775","3096","Al Tayer Motors","United Arab Emirates","5278","1","5.1.1","20","RP860K","2019-06-27 11:10:06"
"5850","3096","Al Tayer Motors","United Arab Emirates","5278","1","5.1.1","20","RP860K","2019-07-04 07:39:22"
"5792","3102","Grexx","Netherlands","5290","1","6.0","35","RP7501K","2019-06-28 14:38:37"
"6578","3106","Empowered Learn","Australia","5299","1","6.0","35","RP7501K","2019-08-22 01:29:07"
"5832","3113","AWS","Taiwan","5309","1","6.0","34","RP6501K","2019-07-03 07:50:33"
"6124","3113","AWS","Taiwan","5309","1","6.0","34","RP6501K","2019-07-25 06:59:32"
"6125","3113","AWS","Taiwan","5309","1","6.0","34","RP6501K","2019-07-25 07:03:20"
"6126","3113","AWS","Taiwan","5309","1","6.0","34","RP6501K","2019-07-25 07:07:42"
"6127","3113","AWS","Taiwan","5309","1","6.0","34","RP6501K","2019-07-25 07:09:28"
"6128","3113","AWS","Taiwan","5309","1","6.0","34","RP6501K","2019-07-25 07:10:46"
"6129","3113","AWS","Taiwan","5309","1","6.0","34","RP6501K","2019-07-25 07:12:08"
"6570","3114","OCS Workplaces B","Netherlands","5312","1","6.0","35","RP7501K","2019-08-21 08:27:07"
"6684","3127","Hogwarts","Taiwan","5336","1","6.0","73","E800ST","2019-08-29 09:53:52"
"7163","3127","Hogwarts","Taiwan","5336","1","6.0","73","E800ST","2019-10-02 07:14:58"
"5877","3135","QA HE","United Kingdom","5349","1","6.0","36","RP8601K","2019-07-08 12:45:28"
"7074","3158","Videocorp","Peru","5398","1","6.0","35","RP7501K","2019-09-25 16:05:09"
"5975","3162","Advanced Tech","United Arab Emirates","5404","1","5.1.1","19","RP750K","2019-07-15 09:19:21"
"6034","3192","FamilySearch","United States","5438","1","6.0","34","RP6501K","2019-07-18 19:23:32"
"6155","3234","Al Zayani","Bahrain","5518","1","5.1.1","19","RP750K","2019-07-29 09:26:37"
"6188","3238","CCS","United States","5534","1","6.0","34","RP6501K","2019-07-30 19:52:21"
"6925","3242","USJ","United States","5544","1","6.0","35","RP7501K","2019-09-16 17:40:16"
"7016","3242","USJ","United States","5544","1","6.0","35","RP7501K","2019-09-20 13:51:30"
"6200","3243","Sycamore School","United States","5547","1","6.0","35","RP7501K","2019-07-31 17:26:10"
"7054","3248","San Silvestre","Peru","5557","1","6.0","34","RP6501K","2019-09-24 21:53:29"
"6334","3264","Urbandale CSD","United States","5586","1","5.1.1","19","RP750K","2019-08-07 14:54:54"
"6379","3272","Mt Pleasant Corr","United States","5596","1","5.1.1","17","RP654K","2019-08-08 15:51:32"
"6400","3273","UAMN","Mexico","5598","1","6.0","34","RP6501K","2019-08-09 15:42:03"
"6491","3301","Bekdata","Turkey","5635","1","5.0.1","31","RM6501K","2019-08-15 08:38:15"
"6509","3304","Milano ISD","United States","5641","1","6.0","35","RP7501K","2019-08-16 14:37:47"
"6532","3316","SARCO OMAN","Oman","5657","1","5.1.1","17","RP654K","2019-08-20 12:14:23"
"6816","3321","PC-ARTS","Argentina","5664","1","6.0","35","RP7501K","2019-09-07 15:53:42"
"6559","3333","MMTSydney","Australia","5684","1","6.0","34","RP6501K","2019-08-21 04:02:09"
"6573","3336","Nord Anglia Int","Qatar","5688","1","5.1.1","19","RP750K","2019-08-21 15:34:39"
"6574","3336","Nord Anglia Int","Qatar","5688","1","5.1.1","19","RP750K","2019-08-21 15:48:52"
"7418","3362","Central USD 462","United States","5724","1","6.0","34","RP6501K","2019-10-14 21:34:56"
"7419","3362","Central USD 462","United States","5724","1","6.0","34","RP6501K","2019-10-14 21:35:36"
"7420","3362","Central USD 462","United States","5724","1","6.0","34","RP6501K","2019-10-14 21:35:57"
"7421","3362","Central USD 462","United States","5724","1","6.0","34","RP6501K","2019-10-14 21:36:28"
"6651","3367","Anderson-Shiro","United States","5729","1","6.0","34","RP6501K","2019-08-27 22:59:56"
"7443","3369","Almana","Qatar","5732","1","5.1.1","20","RP860K","2019-10-15 13:32:08"
"6726","3375","台北市福安國中","Taiwan","5738","1","5.1.1","20","RP860K","2019-09-03 08:29:29"
"6729","3375","台北市福安國中","Taiwan","5738","1","5.1.1","20","RP860K","2019-09-03 08:34:33"
"6732","3375","台北市福安國中","Taiwan","5738","1","5.1.1","20","RP860K","2019-09-03 08:46:21"
"6734","3375","台北市福安國中","Taiwan","5738","1","5.1.1","20","RP860K","2019-09-03 08:51:10"
"6736","3375","台北市福安國中","Taiwan","5738","1","5.1.1","20","RP860K","2019-09-03 08:55:24"
"6740","3375","台北市福安國中","Taiwan","5738","1","5.1.1","20","RP860K","2019-09-03 09:08:39"
"6741","3375","台北市福安國中","Taiwan","5738","1","5.1.1","20","RP860K","2019-09-03 09:11:31"
"6742","3375","台北市福安國中","Taiwan","5738","1","5.1.1","20","RP860K","2019-09-03 09:15:15"
"6744","3375","台北市福安國中","Taiwan","5738","1","5.1.1","20","RP860K","2019-09-03 09:25:25"
"6745","3375","台北市福安國中","Taiwan","5738","1","5.1.1","20","RP860K","2019-09-03 09:35:14"
"6767","3375","台北市福安國中","Taiwan","5738","1","5.1.1","20","RP860K","2019-09-04 01:56:45"
"6886","3375","台北市福安國中","Taiwan","5738","1","5.1.1","20","RP860K","2019-09-12 04:51:37"
"6682","3383","ACTA","Netherlands","5747","1","6.0","35","RP7501K","2019-08-29 09:23:33"
"6683","3383","ACTA","Netherlands","5747","1","6.0","35","RP7501K","2019-08-29 09:30:08"
"6681","3384","中平國中","Taiwan","5748","1","5.1.1","19","RP750K","2019-08-29 09:16:30"
"6709","3384","中平國中","Taiwan","5748","1","5.1.1","19","RP750K","2019-09-02 05:39:42"
"6698","3392","NRCSD","United States","5756","1","6.0","34","RP6501K","2019-08-30 13:53:08"
"6702","3392","NRCSD","United States","5756","1","6.0","34","RP6501K","2019-08-30 14:51:33"
"6704","3392","NRCSD","United States","5756","1","6.0","34","RP6501K","2019-08-30 18:41:57"
"6754","3392","NRCSD","United States","5756","1","6.0","34","RP6501K","2019-09-03 18:59:42"
"6756","3392","NRCSD","United States","5756","1","6.0","34","RP6501K","2019-09-03 19:04:39"
"6757","3392","NRCSD","United States","5756","1","6.0","34","RP6501K","2019-09-03 19:10:16"
"6758","3392","NRCSD","United States","5756","1","6.0","34","RP6501K","2019-09-03 19:15:18"
"6760","3392","NRCSD","United States","5756","1","6.0","34","RP6501K","2019-09-03 19:23:28"
"6761","3392","NRCSD","United States","5756","1","6.0","34","RP6501K","2019-09-03 19:51:18"
"6783","3392","NRCSD","United States","5756","1","6.0","34","RP6501K","2019-09-04 15:42:07"
"6882","3392","NRCSD","United States","5756","1","6.0","34","RP6501K","2019-09-11 13:29:37"
"6964","3392","NRCSD","United States","5756","1","6.0","34","RP6501K","2019-09-18 16:11:11"
"6820","3398","BQP","Taiwan","5768","1","6.0","36","RP8601K","2019-09-09 06:34:10"
"7454","3413","1991","United States","5792","1","6.0","34","RP6501K","2019-10-15 22:18:31"
"6791","3415","AL Tayer Motors","United Arab Emirates","5794","1","5.1.1","19","RP750K","2019-09-05 08:50:45"
"6916","3415","AL Tayer Motors","United Arab Emirates","5794","1","5.1.1","17","RP654K","2019-09-15 09:50:37"
"6917","3415","AL Tayer Motors","United Arab Emirates","5794","1","5.1.1","17","RP654K","2019-09-15 11:00:33"
"6972","3415","AL Tayer Motors","United Arab Emirates","5794","1","5.1.1","17","RP654K","2019-09-19 09:07:20"
"7196","3443","tyjh","Taiwan","5839","1",NULL,NULL,NULL,"2019-10-04 05:19:53"
"7197","3443","tyjh","Taiwan","5839","1","5.1.1","19","RP750K","2019-10-04 06:36:20"
"7455","3443","tyjh","Taiwan","5839","1",NULL,NULL,NULL,"2019-10-16 01:05:39"
"7456","3443","tyjh","Taiwan","5839","1",NULL,NULL,NULL,"2019-10-16 01:06:08"
"7457","3443","tyjh","Taiwan","5839","1",NULL,NULL,NULL,"2019-10-16 01:06:33"
"7458","3443","tyjh","Taiwan","5839","1",NULL,NULL,NULL,"2019-10-16 01:07:28"
"7459","3443","tyjh","Taiwan","5839","1",NULL,NULL,NULL,"2019-10-16 01:08:19"
"7460","3443","tyjh","Taiwan","5839","1",NULL,NULL,NULL,"2019-10-16 01:08:54"
"7461","3443","tyjh","Taiwan","5839","1",NULL,NULL,NULL,"2019-10-16 01:09:31"
"7462","3443","tyjh","Taiwan","5839","1",NULL,NULL,NULL,"2019-10-16 01:09:59"
"7463","3443","tyjh","Taiwan","5839","1",NULL,NULL,NULL,"2019-10-16 01:10:49"
"6850","3447","hhh","India","5845","1","5.0.1","31","RM6501K","2019-09-11 05:04:18"
"7018","3501","skhkckgn","Ecuador","5924","1","5.0.1","30","RM5501K","2019-09-21 02:46:31"
"7019","3501","skhkckgn","Ecuador","5924","1","5.0.1","30","RM5501K","2019-09-21 02:55:42"
"6962","3504","Triaxe","France","5929","1","6.0","34","RP6501K","2019-09-18 12:44:11"
"7077","3506","Rio Schools","United States","5934","1","6.0","35","RP7501K","2019-09-25 19:31:53"
"7078","3506","Rio Schools","United States","5934","1","6.0","35","RP7501K","2019-09-25 19:35:23"
"7084","3506","Rio Schools","United States","5934","1","6.0","35","RP7501K","2019-09-25 19:53:51"
"7085","3506","Rio Schools","United States","5934","1","6.0","35","RP7501K","2019-09-25 19:55:53"
"7086","3506","Rio Schools","United States","5934","1","6.0","35","RP7501K","2019-09-25 20:03:25"
"7102","3506","Rio Schools","United States","5934","1","6.0","35","RP7501K","2019-09-26 20:05:41"
"7133","3506","Rio Schools","United States","5934","1","6.0","35","RP7501K","2019-09-30 20:53:12"
"7147","3506","Rio Schools","United States","5934","1","6.0","35","RP7501K","2019-10-01 18:49:14"
"7149","3506","Rio Schools","United States","5934","1","6.0","35","RP7501K","2019-10-01 19:05:09"
"7150","3506","Rio Schools","United States","5934","1","6.0","35","RP7501K","2019-10-01 19:47:46"
"7168","3506","Rio Schools","United States","5934","1","6.0","35","RP7501K","2019-10-02 12:53:22"
"7034","3527","SMIKS","Belgium","5969","1","6.0","35","RP7501K","2019-09-23 15:41:38"
"7045","3535","HCT","United Arab Emirates","5977","1","5.0.1","38","RP860S","2019-09-24 11:00:11"
"7236","3535","HCT","United Arab Emirates","5977","1","5.1.1","20","RP860K","2019-10-09 08:25:16"
"7257","3535","HCT","United Arab Emirates","5977","1","5.0.1","38","RP860S","2019-10-13 04:06:53"
"7258","3535","HCT","United Arab Emirates","5977","1","5.0.1","38","RP860S","2019-10-13 04:08:44"
"7259","3535","HCT","United Arab Emirates","5977","1","5.0.1","38","RP860S","2019-10-13 04:09:22"
"7260","3535","HCT","United Arab Emirates","5977","1","5.0.1","38","RP860S","2019-10-13 04:10:26"
"7261","3535","HCT","United Arab Emirates","5977","1","5.0.1","38","RP860S","2019-10-13 04:13:05"
"7262","3535","HCT","United Arab Emirates","5977","1","5.0.1","38","RP860S","2019-10-13 04:13:36"
"7263","3535","HCT","United Arab Emirates","5977","1","5.0.1","38","RP860S","2019-10-13 04:14:15"
"7264","3535","HCT","United Arab Emirates","5977","1","5.0.1","38","RP860S","2019-10-13 04:14:58"
"7265","3535","HCT","United Arab Emirates","5977","1","5.0.1","38","RP860S","2019-10-13 04:15:31"
"7266","3535","HCT","United Arab Emirates","5977","1","5.0.1","38","RP860S","2019-10-13 04:16:06"
"7267","3535","HCT","United Arab Emirates","5977","1","5.0.1","38","RP860S","2019-10-13 04:16:41"
"7268","3535","HCT","United Arab Emirates","5977","1","5.0.1","38","RP860S","2019-10-13 04:20:52"
"7269","3535","HCT","United Arab Emirates","5977","1","5.0.1","38","RP860S","2019-10-13 04:21:10"
"7270","3535","HCT","United Arab Emirates","5977","1","5.0.1","38","RP860S","2019-10-13 04:21:32"
"7271","3535","HCT","United Arab Emirates","5977","1",NULL,NULL,NULL,"2019-10-13 04:45:53"
"7272","3535","HCT","United Arab Emirates","5977","1","5.0.1","38","RP860S","2019-10-13 05:00:40"
"7273","3535","HCT","United Arab Emirates","5977","1","5.0.1","38","RP860S","2019-10-13 05:04:12"
"7274","3535","HCT","United Arab Emirates","5977","1","5.0.1","38","RP860S","2019-10-13 05:05:42"
"7275","3535","HCT","United Arab Emirates","5977","1","5.0.1","38","RP860S","2019-10-13 07:07:30"
"7276","3535","HCT","United Arab Emirates","5977","1","5.0.1","38","RP860S","2019-10-13 07:08:06"
"7277","3535","HCT","United Arab Emirates","5977","1","5.0.1","38","RP860S","2019-10-13 07:08:26"
"7278","3535","HCT","United Arab Emirates","5977","1","5.0.1","38","RP860S","2019-10-13 07:09:26"
"7279","3535","HCT","United Arab Emirates","5977","1","5.0.1","38","RP860S","2019-10-13 07:09:45"
"7280","3535","HCT","United Arab Emirates","5977","1","5.0.1","38","RP860S","2019-10-13 07:10:05"
"7281","3535","HCT","United Arab Emirates","5977","1","5.0.1","38","RP860S","2019-10-13 07:10:29"
"7282","3535","HCT","United Arab Emirates","5977","1","5.0.1","38","RP860S","2019-10-13 07:10:52"
"7283","3535","HCT","United Arab Emirates","5977","1","5.0.1","38","RP860S","2019-10-13 07:11:18"
"7284","3535","HCT","United Arab Emirates","5977","1","5.0.1","38","RP860S","2019-10-13 07:11:40"
"7285","3535","HCT","United Arab Emirates","5977","1","5.0.1","38","RP860S","2019-10-13 07:12:00"
"7286","3535","HCT","United Arab Emirates","5977","1","5.0.1","38","RP860S","2019-10-13 07:12:22"
"7287","3535","HCT","United Arab Emirates","5977","1","5.0.1","38","RP860S","2019-10-13 07:12:43"
"7288","3535","HCT","United Arab Emirates","5977","1","5.0.1","38","RP860S","2019-10-13 07:13:08"
"7289","3535","HCT","United Arab Emirates","5977","1","5.0.1","38","RP860S","2019-10-13 07:18:37"
"7290","3535","HCT","United Arab Emirates","5977","1","5.0.1","38","RP860S","2019-10-13 07:18:57"
"7291","3535","HCT","United Arab Emirates","5977","1","5.0.1","38","RP860S","2019-10-13 07:19:20"
"7292","3535","HCT","United Arab Emirates","5977","1","5.0.1","38","RP860S","2019-10-13 07:23:58"
"7293","3535","HCT","United Arab Emirates","5977","1","5.0.1","38","RP860S","2019-10-13 07:24:51"
"7294","3535","HCT","United Arab Emirates","5977","1","5.0.1","38","RP860S","2019-10-13 07:25:19"
"7295","3535","HCT","United Arab Emirates","5977","1","5.0.1","38","RP860S","2019-10-13 07:25:42"
"7296","3535","HCT","United Arab Emirates","5977","1","5.0.1","38","RP860S","2019-10-13 07:26:03"
"7297","3535","HCT","United Arab Emirates","5977","1","5.0.1","38","RP860S","2019-10-13 07:26:23"
"7298","3535","HCT","United Arab Emirates","5977","1","5.0.1","38","RP860S","2019-10-13 07:26:47"
"7299","3535","HCT","United Arab Emirates","5977","1","5.0.1","38","RP860S","2019-10-13 07:27:07"
"7300","3535","HCT","United Arab Emirates","5977","1","5.0.1","38","RP860S","2019-10-13 07:27:37"
"7301","3535","HCT","United Arab Emirates","5977","1","5.0.1","38","RP860S","2019-10-13 07:27:58"
"7302","3535","HCT","United Arab Emirates","5977","1","5.0.1","38","RP860S","2019-10-13 07:28:35"
"7303","3535","HCT","United Arab Emirates","5977","1","5.0.1","38","RP860S","2019-10-13 07:28:55"
"7304","3535","HCT","United Arab Emirates","5977","1","5.0.1","38","RP860S","2019-10-13 07:29:11"
"7305","3535","HCT","United Arab Emirates","5977","1","5.0.1","38","RP860S","2019-10-13 07:29:30"
"7307","3535","HCT","United Arab Emirates","5977","1","5.0.1","38","RP860S","2019-10-13 09:22:42"
"7308","3535","HCT","United Arab Emirates","5977","1",NULL,NULL,NULL,"2019-10-13 10:43:27"
"7309","3535","HCT","United Arab Emirates","5977","1",NULL,NULL,NULL,"2019-10-13 10:44:30"
"7310","3535","HCT","United Arab Emirates","5977","1",NULL,NULL,NULL,"2019-10-13 10:44:49"
"7311","3535","HCT","United Arab Emirates","5977","1",NULL,NULL,NULL,"2019-10-13 10:45:09"
"7312","3535","HCT","United Arab Emirates","5977","1",NULL,NULL,NULL,"2019-10-13 10:45:35"
"7313","3535","HCT","United Arab Emirates","5977","1",NULL,NULL,NULL,"2019-10-13 10:47:16"
"7314","3535","HCT","United Arab Emirates","5977","1",NULL,NULL,NULL,"2019-10-13 10:48:17"
"7315","3535","HCT","United Arab Emirates","5977","1",NULL,NULL,NULL,"2019-10-13 10:48:53"
"7316","3535","HCT","United Arab Emirates","5977","1",NULL,NULL,NULL,"2019-10-13 10:49:10"
"7317","3535","HCT","United Arab Emirates","5977","1",NULL,NULL,NULL,"2019-10-13 11:30:24"
"7318","3535","HCT","United Arab Emirates","5977","1",NULL,NULL,NULL,"2019-10-13 11:31:07"
"7319","3535","HCT","United Arab Emirates","5977","1",NULL,NULL,NULL,"2019-10-13 11:32:30"
"7320","3535","HCT","United Arab Emirates","5977","1",NULL,NULL,NULL,"2019-10-13 11:33:37"
"7321","3535","HCT","United Arab Emirates","5977","1",NULL,NULL,NULL,"2019-10-13 11:39:33"
"7322","3535","HCT","United Arab Emirates","5977","1","5.0.1","38","RP860S","2019-10-14 03:48:52"
"7323","3535","HCT","United Arab Emirates","5977","1",NULL,NULL,NULL,"2019-10-14 03:49:17"
"7324","3535","HCT","United Arab Emirates","5977","1",NULL,NULL,NULL,"2019-10-14 03:49:39"
"7325","3535","HCT","United Arab Emirates","5977","1",NULL,NULL,NULL,"2019-10-14 03:50:06"
"7326","3535","HCT","United Arab Emirates","5977","1",NULL,NULL,NULL,"2019-10-14 03:50:25"
"7327","3535","HCT","United Arab Emirates","5977","1",NULL,NULL,NULL,"2019-10-14 03:50:44"
"7328","3535","HCT","United Arab Emirates","5977","1",NULL,NULL,NULL,"2019-10-14 03:51:06"
"7329","3535","HCT","United Arab Emirates","5977","1",NULL,NULL,NULL,"2019-10-14 03:51:32"
"7330","3535","HCT","United Arab Emirates","5977","1",NULL,NULL,NULL,"2019-10-14 03:51:54"
"7331","3535","HCT","United Arab Emirates","5977","1",NULL,NULL,NULL,"2019-10-14 03:52:14"
"7332","3535","HCT","United Arab Emirates","5977","1",NULL,NULL,NULL,"2019-10-14 03:52:31"
"7333","3535","HCT","United Arab Emirates","5977","1",NULL,NULL,NULL,"2019-10-14 03:52:49"
"7334","3535","HCT","United Arab Emirates","5977","1",NULL,NULL,NULL,"2019-10-14 03:53:08"
"7335","3535","HCT","United Arab Emirates","5977","1",NULL,NULL,NULL,"2019-10-14 03:53:26"
"7336","3535","HCT","United Arab Emirates","5977","1",NULL,NULL,NULL,"2019-10-14 03:53:49"
"7337","3535","HCT","United Arab Emirates","5977","1",NULL,NULL,NULL,"2019-10-14 03:54:10"
"7338","3535","HCT","United Arab Emirates","5977","1",NULL,NULL,NULL,"2019-10-14 03:54:29"
"7339","3535","HCT","United Arab Emirates","5977","1",NULL,NULL,NULL,"2019-10-14 03:54:47"
"7340","3535","HCT","United Arab Emirates","5977","1",NULL,NULL,NULL,"2019-10-14 03:55:15"
"7341","3535","HCT","United Arab Emirates","5977","1",NULL,NULL,NULL,"2019-10-14 03:55:31"
"7342","3535","HCT","United Arab Emirates","5977","1",NULL,NULL,NULL,"2019-10-14 03:56:06"
"7343","3535","HCT","United Arab Emirates","5977","1",NULL,NULL,NULL,"2019-10-14 03:56:24"
"7344","3535","HCT","United Arab Emirates","5977","1",NULL,NULL,NULL,"2019-10-14 03:56:43"
"7345","3535","HCT","United Arab Emirates","5977","1",NULL,NULL,NULL,"2019-10-14 03:57:02"
"7346","3535","HCT","United Arab Emirates","5977","1",NULL,NULL,NULL,"2019-10-14 03:57:25"
"7347","3535","HCT","United Arab Emirates","5977","1",NULL,NULL,NULL,"2019-10-14 03:57:44"
"7348","3535","HCT","United Arab Emirates","5977","1",NULL,NULL,NULL,"2019-10-14 03:58:02"
"7349","3535","HCT","United Arab Emirates","5977","1",NULL,NULL,NULL,"2019-10-14 03:58:22"
"7350","3535","HCT","United Arab Emirates","5977","1",NULL,NULL,NULL,"2019-10-14 03:58:46"
"7351","3535","HCT","United Arab Emirates","5977","1",NULL,NULL,NULL,"2019-10-14 03:59:06"
"7352","3535","HCT","United Arab Emirates","5977","1",NULL,NULL,NULL,"2019-10-14 03:59:28"
"7353","3535","HCT","United Arab Emirates","5977","1",NULL,NULL,NULL,"2019-10-14 03:59:48"
"7354","3535","HCT","United Arab Emirates","5977","1",NULL,NULL,NULL,"2019-10-14 04:00:12"
"7355","3535","HCT","United Arab Emirates","5977","1","5.0.1","38","RP860S","2019-10-14 04:00:36"
"7356","3535","HCT","United Arab Emirates","5977","1",NULL,NULL,NULL,"2019-10-14 04:00:58"
"7357","3535","HCT","United Arab Emirates","5977","1","5.0.1","38","RP860S","2019-10-14 04:03:56"
"7358","3535","HCT","United Arab Emirates","5977","1","5.0.1","38","RP860S","2019-10-14 04:09:21"
"7359","3535","HCT","United Arab Emirates","5977","1","5.0.1","38","RP860S","2019-10-14 04:09:36"
"7360","3535","HCT","United Arab Emirates","5977","1","5.0.1","38","RP860S","2019-10-14 04:10:00"
"7361","3535","HCT","United Arab Emirates","5977","1","5.0.1","38","RP860S","2019-10-14 04:10:20"
"7362","3535","HCT","United Arab Emirates","5977","1","5.0.1","38","RP860S","2019-10-14 04:10:34"
"7363","3535","HCT","United Arab Emirates","5977","1","5.0.1","38","RP860S","2019-10-14 04:11:15"
"7364","3535","HCT","United Arab Emirates","5977","1","5.0.1","38","RP860S","2019-10-14 04:11:45"
"7365","3535","HCT","United Arab Emirates","5977","1","5.0.1","38","RP860S","2019-10-14 04:13:26"
"7366","3535","HCT","United Arab Emirates","5977","1","5.0.1","38","RP860S","2019-10-14 04:15:04"
"7367","3535","HCT","United Arab Emirates","5977","1","5.0.1","38","RP860S","2019-10-14 04:15:33"
"7368","3535","HCT","United Arab Emirates","5977","1","5.0.1","38","RP860S","2019-10-14 04:16:06"
"7369","3535","HCT","United Arab Emirates","5977","1","5.0.1","38","RP860S","2019-10-14 04:16:34"
"7370","3535","HCT","United Arab Emirates","5977","1","5.0.1","38","RP860S","2019-10-14 04:16:52"
"7371","3535","HCT","United Arab Emirates","5977","1","5.0.1","38","RP860S","2019-10-14 04:17:08"
"7372","3535","HCT","United Arab Emirates","5977","1","5.0.1","38","RP860S","2019-10-14 04:17:23"
"7373","3535","HCT","United Arab Emirates","5977","1","5.0.1","38","RP860S","2019-10-14 04:17:42"
"7374","3535","HCT","United Arab Emirates","5977","1","5.0.1","38","RP860S","2019-10-14 04:18:01"
"7375","3535","HCT","United Arab Emirates","5977","1","5.0.1","38","RP860S","2019-10-14 04:18:17"
"7376","3535","HCT","United Arab Emirates","5977","1","5.0.1","38","RP860S","2019-10-14 04:18:33"
"7377","3535","HCT","United Arab Emirates","5977","1","5.0.1","38","RP860S","2019-10-14 04:19:18"
"7378","3535","HCT","United Arab Emirates","5977","1","5.0.1","38","RP860S","2019-10-14 04:19:49"
"7379","3535","HCT","United Arab Emirates","5977","1","5.0.1","38","RP860S","2019-10-14 04:20:23"
"7380","3535","HCT","United Arab Emirates","5977","1","5.0.1","38","RP860S","2019-10-14 04:21:28"
"7381","3535","HCT","United Arab Emirates","5977","1","5.0.1","38","RP860S","2019-10-14 04:21:44"
"7382","3535","HCT","United Arab Emirates","5977","1","5.0.1","38","RP860S","2019-10-14 04:22:05"
"7383","3535","HCT","United Arab Emirates","5977","1","5.0.1","38","RP860S","2019-10-14 04:22:20"
"7384","3535","HCT","United Arab Emirates","5977","1","5.0.1","38","RP860S","2019-10-14 04:22:38"
"7385","3535","HCT","United Arab Emirates","5977","1","5.0.1","38","RP860S","2019-10-14 04:22:53"
"7386","3535","HCT","United Arab Emirates","5977","1","5.0.1","38","RP860S","2019-10-14 04:23:13"
"7387","3535","HCT","United Arab Emirates","5977","1","5.0.1","38","RP860S","2019-10-14 04:23:29"
"7388","3535","HCT","United Arab Emirates","5977","1","5.0.1","38","RP860S","2019-10-14 04:23:44"
"7389","3535","HCT","United Arab Emirates","5977","1","5.0.1","38","RP860S","2019-10-14 04:23:59"
"7390","3535","HCT","United Arab Emirates","5977","1","5.0.1","38","RP860S","2019-10-14 04:24:14"
"7391","3535","HCT","United Arab Emirates","5977","1","5.0.1","38","RP860S","2019-10-14 04:24:29"
"7392","3535","HCT","United Arab Emirates","5977","1","5.0.1","38","RP860S","2019-10-14 04:24:43"
"7393","3535","HCT","United Arab Emirates","5977","1","5.0.1","38","RP860S","2019-10-14 04:24:58"
"7394","3535","HCT","United Arab Emirates","5977","1","5.0.1","38","RP860S","2019-10-14 04:25:13"
"7395","3535","HCT","United Arab Emirates","5977","1","5.0.1","38","RP860S","2019-10-14 04:25:27"
"7097","3541","neoway","Taiwan","5983","1","5.1.1","20","RP860K","2019-09-26 06:38:52"
"7099","3541","neoway","Taiwan","5983","1","5.1.1","20","RP860K","2019-09-26 06:39:42"
"7073","3547","Wawasee High Sch","United States","5991","1","5.1.1","18","RP704K","2019-09-25 15:28:49"
"7076","3548","MCPASD","United States","5992","1","6.0","35","RP7501K","2019-09-25 19:25:15"
"7088","3549","MMT","Australia","5995","1","6.0","34","RP6501K","2019-09-26 01:06:40"
"7131","3558","WPSD1","United States","6006","1","6.0","35","RP7501K","2019-09-30 18:05:21"
"7132","3558","WPSD1","United States","6006","1","6.0","35","RP7501K","2019-09-30 20:13:30"
"7175","3558","WPSD1","United States","6006","1","6.0","35","RP7501K","2019-10-02 19:21:18"
"7193","3558","WPSD1","United States","6006","1","6.0","34","RP6501K","2019-10-03 20:32:39"
"7210","3558","WPSD1","United States","6006","1","6.0","35","RP7501K","2019-10-04 16:38:03"
"7123","3569","Dove Green SCH","United Arab Emirates","6025","1","5.1.1","19","RP750K","2019-09-29 10:55:35"
"7161","3579","Dirjen Hubud","Indonesia","6042","1","6.0","34","RP6501K","2019-10-02 04:59:34"
"7169","3582","GEMS OIS","United Arab Emirates","6047","1","5.1.1","19","RP750K","2019-10-02 13:32:36"
"7183","3589","DPS-Monarch","Qatar","6064","1","5.1.1","19","RP750K","2019-10-03 08:24:22"
"7217","3603","SFG","United States","6085","1","5.1.1","18","RP704K","2019-10-07 18:14:15"
"7216","3605","Alpatech S.A.C","Peru","6087","1","6.0","35","RP7501K","2019-10-07 17:30:43"
"7223","3609","HCT","United Arab Emirates","6091","1","5.0.1","38","RP860S","2019-10-08 06:48:36"
"7230","3613","NYCDOE","United States","6099","1","6.0","34","RP6501K","2019-10-08 17:50:52"
"7482","3622","HCT","United Arab Emirates","6110","1",NULL,NULL,NULL,"2019-10-17 12:10:53"
"7411","3635","Menahga Schools","United States","6127","1","6.0","36","RP8601K","2019-10-14 18:56:42"
"7412","3635","Menahga Schools","United States","6127","1","6.0","35","RP7501K","2019-10-14 19:24:13"
"7413","3635","Menahga Schools","United States","6127","1","6.0","35","RP7501K","2019-10-14 19:33:23"
"7414","3635","Menahga Schools","United States","6127","1","6.0","34","RP6501K","2019-10-14 19:59:41"
"7415","3635","Menahga Schools","United States","6127","1","6.0","36","RP8601K","2019-10-14 20:22:31"
"7416","3635","Menahga Schools","United States","6127","1","6.0","36","RP8601K","2019-10-14 20:32:01"
"7417","3635","Menahga Schools","United States","6127","1","6.0","36","RP8601K","2019-10-14 20:40:44"
"7422","3635","Menahga Schools","United States","6127","1","6.0","35","RP7501K","2019-10-14 21:50:49"
"7423","3635","Menahga Schools","United States","6127","1","6.0","34","RP6501K","2019-10-14 22:00:38"
"7424","3635","Menahga Schools","United States","6127","1","6.0","35","RP7501K","2019-10-14 22:26:22"
"7425","3635","Menahga Schools","United States","6127","1","6.0","36","RP8601K","2019-10-14 22:35:24"
"7426","3635","Menahga Schools","United States","6127","1","6.0","36","RP8601K","2019-10-14 22:49:16"
"7427","3635","Menahga Schools","United States","6127","1","6.0","36","RP8601K","2019-10-14 22:56:10"
"7428","3635","Menahga Schools","United States","6127","1","6.0","36","RP8601K","2019-10-14 23:04:01"
"7429","3635","Menahga Schools","United States","6127","1","6.0","36","RP8601K","2019-10-14 23:12:56"
"7430","3635","Menahga Schools","United States","6127","1","6.0","36","RP8601K","2019-10-14 23:18:48"
"7431","3635","Menahga Schools","United States","6127","1","6.0","36","RP8601K","2019-10-14 23:24:37"
"7432","3635","Menahga Schools","United States","6127","1","6.0","36","RP8601K","2019-10-14 23:28:34"
"7433","3635","Menahga Schools","United States","6127","1","6.0","34","RP6501K","2019-10-14 23:43:44"
"7399","3641","Four Square Bh","Bahrain","6133","1","5.1.1","17","RP654K","2019-10-14 07:16:57"
"7471","3658","育仁國小","Taiwan","6177","1","6.0","34","RP6501K","2019-10-16 09:04:45"
